id,plate,well,nutrients,treatment,species,day,area_mm2,area_stnd
2,A,2,low,LM,LM,0,46.374,1
2,A,2,low,LM,TOT,0,46.374,1
3,A,3,low,SP,SP,0,58.251,1
3,A,3,low,SP,TOT,0,58.251,1
5,A,5,high,LM,LM,0,44.223,1
5,A,5,high,LM,TOT,0,44.223,1
6,A,6,high,SP,SP,0,72.015,1
6,A,6,high,SP,TOT,0,72.015,1
7,B,1,high,WB,TOT,0,24.042,1
7,B,1,high,WB,WB,0,24.042,1
8,B,2,high,LMSP,LM,0,25.582,1
8,B,2,high,LMSP,SP,0,62.811,1
8,B,2,high,LMSP,TOT,0,88.393,1
9,B,3,high,LMWB,LM,0,29.96,1
9,B,3,high,LMWB,TOT,0,47.307,1
9,B,3,high,LMWB,WB,0,17.347,1
10,B,4,low,WB,TOT,0,41.408,1
10,B,4,low,WB,WB,0,41.408,1
11,B,5,low,LMSP,LM,0,37.644,1
11,B,5,low,LMSP,SP,0,40.787,1
11,B,5,low,LMSP,TOT,0,78.431,1
12,B,6,low,LMWB,LM,0,19.676,1
12,B,6,low,LMWB,TOT,0,42.311,1
12,B,6,low,LMWB,WB,0,22.635,1
13,C,1,low,SPWB,SP,0,40.362,1
13,C,1,low,SPWB,TOT,0,66.599,1
13,C,1,low,SPWB,WB,0,26.237,1
14,C,2,low,LMSPWB,LM,0,34.722,1
14,C,2,low,LMSPWB,SP,0,43.148,1
14,C,2,low,LMSPWB,TOT,0,101.252,1
14,C,2,low,LMSPWB,WB,0,23.382,1
16,C,4,high,SPWB,SP,0,57.518,1
16,C,4,high,SPWB,TOT,0,90.089,1
16,C,4,high,SPWB,WB,0,32.571,1
17,C,5,high,LMSPWB,LM,0,33.774,1
17,C,5,high,LMSPWB,SP,0,21.838,1
17,C,5,high,LMSPWB,TOT,0,85.192,1
17,C,5,high,LMSPWB,WB,0,29.58,1
19,D,1,high,LM,LM,0,43.784,1
19,D,1,high,LM,TOT,0,43.784,1
20,D,2,high,SP,SP,0,61.64,1
20,D,2,high,SP,TOT,0,61.64,1
21,D,3,high,WB,TOT,0,76.611,1
21,D,3,high,WB,WB,0,76.611,1
22,D,4,low,LM,LM,0,59.023,1
22,D,4,low,LM,TOT,0,59.023,1
23,D,5,low,SP,SP,0,74.133,1
23,D,5,low,SP,TOT,0,74.133,1
24,D,6,low,WB,TOT,0,74.262,1
24,D,6,low,WB,WB,0,74.262,1
25,E,1,low,LMSP,LM,0,30.398,1
25,E,1,low,LMSP,SP,0,76.967,1
25,E,1,low,LMSP,TOT,0,107.365,1
26,E,2,low,LMWB,LM,0,33.43,1
26,E,2,low,LMWB,TOT,0,74.121,1
26,E,2,low,LMWB,WB,0,40.691,1
27,E,3,low,SPWB,SP,0,31.948,1
27,E,3,low,SPWB,TOT,0,75.22,1
27,E,3,low,SPWB,WB,0,43.272,1
28,E,4,high,LMSP,LM,0,32.468,1
28,E,4,high,LMSP,SP,0,32.145,1
28,E,4,high,LMSP,TOT,0,64.613,1
29,E,5,high,LMWB,LM,0,34.814,1
29,E,5,high,LMWB,TOT,0,68.774,1
29,E,5,high,LMWB,WB,0,33.96,1
30,E,6,high,SPWB,SP,0,39.926,1
30,E,6,high,SPWB,TOT,0,93.903,1
30,E,6,high,SPWB,WB,0,53.977,1
31,F,1,high,LMSPWB,LM,0,36.183,1
31,F,1,high,LMSPWB,SP,0,39.078,1
31,F,1,high,LMSPWB,TOT,0,101.862,1
31,F,1,high,LMSPWB,WB,0,26.601,1
33,F,3,high,LM,LM,0,47.52,1
33,F,3,high,LM,TOT,0,47.52,1
34,F,4,low,LMSPWB,LM,0,27.186,1
34,F,4,low,LMSPWB,SP,0,33.844,1
34,F,4,low,LMSPWB,TOT,0,88.109,1
34,F,4,low,LMSPWB,WB,0,27.079,1
36,F,6,low,LM,LM,0,53.7,1
36,F,6,low,LM,TOT,0,53.7,1
37,G,1,low,SP,SP,0,97.541,1
37,G,1,low,SP,TOT,0,97.541,1
38,G,2,low,WB,TOT,0,70.231,1
38,G,2,low,WB,WB,0,70.231,1
39,G,3,low,LMSP,LM,0,38.419,1
39,G,3,low,LMSP,SP,0,44.405,1
39,G,3,low,LMSP,TOT,0,82.824,1
40,G,4,high,SP,SP,0,91.534,1
40,G,4,high,SP,TOT,0,91.534,1
41,G,5,high,WB,TOT,0,83.778,1
41,G,5,high,WB,WB,0,83.778,1
42,G,6,high,LMSP,LM,0,32.559,1
42,G,6,high,LMSP,SP,0,70.005,1
42,G,6,high,LMSP,TOT,0,102.564,1
43,H,1,high,LMWB,LM,0,30.911,1
43,H,1,high,LMWB,TOT,0,66.6,1
43,H,1,high,LMWB,WB,0,35.689,1
44,H,2,high,SPWB,SP,0,44.035,1
44,H,2,high,SPWB,TOT,0,77.32,1
44,H,2,high,SPWB,WB,0,33.285,1
45,H,3,high,LMSPWB,LM,0,19.483,1
45,H,3,high,LMSPWB,SP,0,22.836,1
45,H,3,high,LMSPWB,TOT,0,68.199,1
45,H,3,high,LMSPWB,WB,0,25.88,1
46,H,4,low,LMWB,LM,0,32.84,1
46,H,4,low,LMWB,TOT,0,72.571,1
46,H,4,low,LMWB,WB,0,39.731,1
47,H,5,low,SPWB,SP,0,48.93,1
47,H,5,low,SPWB,TOT,0,97.598,1
47,H,5,low,SPWB,WB,0,48.668,1
48,H,6,low,LMSPWB,LM,0,15.702,1
48,H,6,low,LMSPWB,SP,0,38.946,1
48,H,6,low,LMSPWB,TOT,0,95.882,1
48,H,6,low,LMSPWB,WB,0,41.234,1
50,I,2,low,LM,LM,0,52.172,1
50,I,2,low,LM,TOT,0,52.172,1
51,I,3,low,SP,SP,0,66.557,1
51,I,3,low,SP,TOT,0,66.557,1
53,I,5,high,LM,LM,0,31.539,1
53,I,5,high,LM,TOT,0,31.539,1
54,I,6,high,SP,SP,0,79.173,1
54,I,6,high,SP,TOT,0,79.173,1
55,J,1,high,WB,TOT,0,78.836,1
55,J,1,high,WB,WB,0,78.836,1
56,J,2,high,LMSP,LM,0,41.702,1
56,J,2,high,LMSP,SP,0,62.167,1
56,J,2,high,LMSP,TOT,0,103.869,1
57,J,3,high,LMWB,LM,0,34.514,1
57,J,3,high,LMWB,TOT,0,88.594,1
57,J,3,high,LMWB,WB,0,54.08,1
58,J,4,low,WB,TOT,0,109.752,1
58,J,4,low,WB,WB,0,109.752,1
59,J,5,low,LMSP,LM,0,60.101,1
59,J,5,low,LMSP,SP,0,48.84,1
59,J,5,low,LMSP,TOT,0,108.941,1
60,J,6,low,LMWB,LM,0,40.09,1
60,J,6,low,LMWB,TOT,0,89.691,1
60,J,6,low,LMWB,WB,0,49.601,1
61,K,1,low,SPWB,SP,0,61.232,1
61,K,1,low,SPWB,TOT,0,107.906,1
61,K,1,low,SPWB,WB,0,46.674,1
62,K,2,low,LMSPWB,LM,0,29.703,1
62,K,2,low,LMSPWB,SP,0,33.216,1
62,K,2,low,LMSPWB,TOT,0,116.549,1
62,K,2,low,LMSPWB,WB,0,53.63,1
64,K,4,high,SPWB,SP,0,57.431,1
64,K,4,high,SPWB,TOT,0,135.068,1
64,K,4,high,SPWB,WB,0,77.637,1
65,K,5,high,LMSPWB,LM,0,40.838,1
65,K,5,high,LMSPWB,SP,0,61.649,1
65,K,5,high,LMSPWB,TOT,0,162.638,1
65,K,5,high,LMSPWB,WB,0,60.151,1
67,L,1,high,LM,LM,0,58.242,1
67,L,1,high,LM,TOT,0,58.242,1
68,L,2,high,SP,SP,0,90.344,1
68,L,2,high,SP,TOT,0,90.344,1
69,L,3,high,WB,TOT,0,83.878,1
69,L,3,high,WB,WB,0,83.878,1
70,L,4,low,LM,LM,0,52.528,1
70,L,4,low,LM,TOT,0,52.528,1
71,L,5,low,SP,SP,0,122.693,1
71,L,5,low,SP,TOT,0,122.693,1
72,L,6,low,WB,TOT,0,92.153,1
72,L,6,low,WB,WB,0,92.153,1
73,M,1,low,LMSP,LM,0,27.723,1
73,M,1,low,LMSP,SP,0,31.672,1
73,M,1,low,LMSP,TOT,0,59.395,1
74,M,2,low,LMWB,LM,0,28.446,1
74,M,2,low,LMWB,TOT,0,99.209,1
74,M,2,low,LMWB,WB,0,70.763,1
75,M,3,low,SPWB,SP,0,62.347,1
75,M,3,low,SPWB,TOT,0,135.271,1
75,M,3,low,SPWB,WB,0,72.924,1
76,M,4,high,LMSP,LM,0,27.684,1
76,M,4,high,LMSP,SP,0,67.645,1
76,M,4,high,LMSP,TOT,0,95.329,1
77,M,5,high,LMWB,LM,0,36.335,1
77,M,5,high,LMWB,TOT,0,92.035,1
77,M,5,high,LMWB,WB,0,55.7,1
78,M,6,high,SPWB,SP,0,50.753,1
78,M,6,high,SPWB,TOT,0,118.134,1
78,M,6,high,SPWB,WB,0,67.381,1
79,N,1,high,LMSPWB,LM,0,34.01,1
79,N,1,high,LMSPWB,SP,0,50.465,1
79,N,1,high,LMSPWB,TOT,0,128.459,1
79,N,1,high,LMSPWB,WB,0,43.984,1
81,N,3,high,LM,LM,0,42.763,1
81,N,3,high,LM,TOT,0,42.763,1
82,N,4,low,LMSPWB,LM,0,22.359,1
82,N,4,low,LMSPWB,SP,0,46.872,1
82,N,4,low,LMSPWB,TOT,0,111.607,1
82,N,4,low,LMSPWB,WB,0,42.376,1
84,N,6,low,LM,LM,0,53.313,1
84,N,6,low,LM,TOT,0,53.313,1
85,O,1,low,SP,SP,0,47.055,1
85,O,1,low,SP,TOT,0,47.055,1
86,O,2,low,WB,TOT,0,73.771,1
86,O,2,low,WB,WB,0,73.771,1
87,O,3,low,LMSP,LM,0,24.784,1
87,O,3,low,LMSP,SP,0,43.515,1
87,O,3,low,LMSP,TOT,0,68.299,1
88,O,4,high,SP,SP,0,63.006,1
88,O,4,high,SP,TOT,0,63.006,1
89,O,5,high,WB,TOT,0,58.727,1
89,O,5,high,WB,WB,0,58.727,1
90,O,6,high,LMSP,LM,0,30.936,1
90,O,6,high,LMSP,SP,0,40.43,1
90,O,6,high,LMSP,TOT,0,71.366,1
91,P,1,high,LMWB,LM,0,35.671,1
91,P,1,high,LMWB,TOT,0,75.574,1
91,P,1,high,LMWB,WB,0,39.903,1
92,P,2,high,SPWB,SP,0,49.888,1
92,P,2,high,SPWB,TOT,0,97.779,1
92,P,2,high,SPWB,WB,0,47.891,1
93,P,3,high,LMSPWB,LM,0,28.572,1
93,P,3,high,LMSPWB,SP,0,41.88,1
93,P,3,high,LMSPWB,TOT,0,119.381,1
93,P,3,high,LMSPWB,WB,0,48.929,1
94,P,4,low,LMWB,LM,0,42.424,1
94,P,4,low,LMWB,TOT,0,101.309,1
94,P,4,low,LMWB,WB,0,58.885,1
95,P,5,low,SPWB,SP,0,60.18,1
95,P,5,low,SPWB,TOT,0,108.585,1
95,P,5,low,SPWB,WB,0,48.405,1
96,P,6,low,LMSPWB,LM,0,27.673,1
96,P,6,low,LMSPWB,SP,0,31.044,1
96,P,6,low,LMSPWB,TOT,0,116.821,1
96,P,6,low,LMSPWB,WB,0,58.104,1
2,A,2,low,LM,LM,2,48.849,1.053370423
2,A,2,low,LM,TOT,2,48.849,1.053370423
3,A,3,low,SP,SP,2,76.941,1.320852861
3,A,3,low,SP,TOT,2,76.941,1.320852861
5,A,5,high,LM,LM,2,58.71,1.327589716
5,A,5,high,LM,TOT,2,58.71,1.327589716
6,A,6,high,SP,SP,2,104.889,1.456488232
6,A,6,high,SP,TOT,2,104.889,1.456488232
7,B,1,high,WB,TOT,2,53.94,2.243573746
7,B,1,high,WB,WB,2,53.94,2.243573746
8,B,2,high,LMSP,LM,2,50.127,1.959463685
8,B,2,high,LMSP,SP,2,82.317,1.3105507
8,B,2,high,LMSP,TOT,2,132.444,1.498353942
9,B,3,high,LMWB,LM,2,53.969,1.801368491
9,B,3,high,LMWB,TOT,2,116.433,2.461221384
9,B,3,high,LMWB,WB,2,62.464,3.600853173
10,B,4,low,WB,TOT,2,63.862,1.542262365
10,B,4,low,WB,WB,2,63.862,1.542262365
11,B,5,low,LMSP,LM,2,50.235,1.334475614
11,B,5,low,LMSP,SP,2,57.303,1.404932944
11,B,5,low,LMSP,TOT,2,107.538,1.371116013
12,B,6,low,LMWB,LM,2,28.436,1.445212442
12,B,6,low,LMWB,TOT,2,87.987,2.079530146
12,B,6,low,LMWB,WB,2,59.551,2.630925558
13,C,1,low,SPWB,SP,2,63.977,1.585080026
13,C,1,low,SPWB,TOT,2,116.376,1.747413625
13,C,1,low,SPWB,WB,2,52.399,1.997141441
14,C,2,low,LMSPWB,LM,2,45.103,1.298974713
14,C,2,low,LMSPWB,SP,2,53.892,1.24900343
14,C,2,low,LMSPWB,TOT,2,138.502,1.367893968
14,C,2,low,LMSPWB,WB,2,39.507,1.689633051
16,C,4,high,SPWB,SP,2,82.801,1.439566744
16,C,4,high,SPWB,TOT,2,142.358,1.58019292
16,C,4,high,SPWB,WB,2,59.557,1.828528446
17,C,5,high,LMSPWB,LM,2,57.372,1.698703144
17,C,5,high,LMSPWB,SP,2,33.496,1.533840095
17,C,5,high,LMSPWB,TOT,2,145.057,1.702706827
17,C,5,high,LMSPWB,WB,2,54.189,1.831947262
19,D,1,high,LM,LM,2,67.93,1.551479993
19,D,1,high,LM,TOT,2,67.93,1.551479993
20,D,2,high,SP,SP,2,72.502,1.176216742
20,D,2,high,SP,TOT,2,72.502,1.176216742
21,D,3,high,WB,TOT,2,116.066,1.515004373
21,D,3,high,WB,WB,2,116.066,1.515004373
22,D,4,low,LM,LM,2,70.759,1.198837741
22,D,4,low,LM,TOT,2,70.759,1.198837741
23,D,5,low,SP,SP,2,79.287,1.069523694
23,D,5,low,SP,TOT,2,79.287,1.069523694
24,D,6,low,WB,TOT,2,100.844,1.357948884
24,D,6,low,WB,WB,2,100.844,1.357948884
25,E,1,low,LMSP,LM,2,37.407,1.23057438
25,E,1,low,LMSP,SP,2,86.309,1.121376694
25,E,1,low,LMSP,TOT,2,123.716,1.152293578
26,E,2,low,LMWB,LM,2,43.701,1.307239007
26,E,2,low,LMWB,TOT,2,100.964,1.362151077
26,E,2,low,LMWB,WB,2,57.263,1.407264506
27,E,3,low,SPWB,SP,2,38.422,1.202641793
27,E,3,low,SPWB,TOT,2,95.931,1.275339006
27,E,3,low,SPWB,WB,2,57.509,1.329011832
28,E,4,high,LMSP,LM,2,58.012,1.786743871
28,E,4,high,LMSP,SP,2,43.11,1.341110593
28,E,4,high,LMSP,TOT,2,101.122,1.565041091
29,E,5,high,LMWB,LM,2,60.267,1.73111392
29,E,5,high,LMWB,TOT,2,110.774,1.610695903
29,E,5,high,LMWB,WB,2,50.507,1.487249706
30,E,6,high,SPWB,SP,2,49.916,1.250212894
30,E,6,high,SPWB,TOT,2,126.474,1.346857928
30,E,6,high,SPWB,WB,2,76.558,1.418344851
31,F,1,high,LMSPWB,LM,2,51.484,1.422878147
31,F,1,high,LMSPWB,SP,2,58.001,1.484236655
31,F,1,high,LMSPWB,TOT,2,155.218,1.523806719
31,F,1,high,LMSPWB,WB,2,45.733,1.719221082
33,F,3,high,LM,LM,2,71.872,1.512457912
33,F,3,high,LM,TOT,2,71.872,1.512457912
34,F,4,low,LMSPWB,LM,2,29.482,1.084455234
34,F,4,low,LMSPWB,SP,2,38.969,1.151430091
34,F,4,low,LMSPWB,TOT,2,113.525,1.288460884
34,F,4,low,LMSPWB,WB,2,45.074,1.664537095
36,F,6,low,LM,LM,2,66.475,1.237895717
36,F,6,low,LM,TOT,2,66.475,1.237895717
37,G,1,low,SP,SP,2,133.57,1.369372879
37,G,1,low,SP,TOT,2,133.57,1.369372879
38,G,2,low,WB,TOT,2,97.372,1.386453276
38,G,2,low,WB,WB,2,97.372,1.386453276
39,G,3,low,LMSP,LM,2,46.413,1.20807413
39,G,3,low,LMSP,SP,2,53.608,1.207251436
39,G,3,low,LMSP,TOT,2,100.021,1.207633053
40,G,4,high,SP,SP,2,159.337,1.740741145
40,G,4,high,SP,TOT,2,159.337,1.740741145
41,G,5,high,WB,TOT,2,122.68,1.464346248
41,G,5,high,WB,WB,2,122.68,1.464346248
42,G,6,high,LMSP,LM,2,59.316,1.821800424
42,G,6,high,LMSP,SP,2,112.103,1.601357046
42,G,6,high,LMSP,TOT,2,171.419,1.671336921
43,H,1,high,LMWB,LM,2,47.476,1.535893371
43,H,1,high,LMWB,TOT,2,98.313,1.476171171
43,H,1,high,LMWB,WB,2,50.837,1.424444507
44,H,2,high,SPWB,SP,2,53.873,1.223413194
44,H,2,high,SPWB,TOT,2,101.932,1.318313502
44,H,2,high,SPWB,WB,2,48.059,1.443863602
45,H,3,high,LMSPWB,LM,2,28.839,1.480213519
45,H,3,high,LMSPWB,SP,2,26.595,1.164608513
45,H,3,high,LMSPWB,TOT,2,95.712,1.403422338
45,H,3,high,LMSPWB,WB,2,40.278,1.55633694
46,H,4,low,LMWB,LM,2,38.034,1.15816078
46,H,4,low,LMWB,TOT,2,87.2,1.201581899
46,H,4,low,LMWB,WB,2,49.166,1.237471999
47,H,5,low,SPWB,SP,2,59.518,1.216390762
47,H,5,low,SPWB,TOT,2,116.683,1.19554704
47,H,5,low,SPWB,WB,2,57.165,1.174591107
48,H,6,low,LMSPWB,LM,2,22.235,1.416061648
48,H,6,low,LMSPWB,SP,2,43.353,1.113156678
48,H,6,low,LMSPWB,TOT,2,127.904,1.333973008
48,H,6,low,LMSPWB,WB,2,62.316,1.511277101
50,I,2,low,LM,LM,2,75.317,1.443628766
50,I,2,low,LM,TOT,2,75.317,1.443628766
51,I,3,low,SP,SP,2,82.92,1.245849422
51,I,3,low,SP,TOT,2,82.92,1.245849422
53,I,5,high,LM,LM,2,52.993,1.680237167
53,I,5,high,LM,TOT,2,52.993,1.680237167
54,I,6,high,SP,SP,2,101.348,1.280082857
54,I,6,high,SP,TOT,2,101.348,1.280082857
55,J,1,high,WB,TOT,2,84.304,1.069359176
55,J,1,high,WB,WB,2,84.304,1.069359176
56,J,2,high,LMSP,LM,2,57.669,1.382883315
56,J,2,high,LMSP,SP,2,73.883,1.188460115
56,J,2,high,LMSP,TOT,2,131.552,1.266518403
57,J,3,high,LMWB,LM,2,55.563,1.609868459
57,J,3,high,LMWB,TOT,2,108.792,1.227983836
57,J,3,high,LMWB,WB,2,53.229,0.984264053
58,J,4,low,WB,TOT,2,99.836,0.909650849
58,J,4,low,WB,WB,2,99.836,0.909650849
59,J,5,low,LMSP,LM,2,65.549,1.09064741
59,J,5,low,LMSP,SP,2,60.754,1.243939394
59,J,5,low,LMSP,TOT,2,126.303,1.159370669
60,J,6,low,LMWB,LM,2,48.089,1.199526066
60,J,6,low,LMWB,TOT,2,88.792,0.989976698
60,J,6,low,LMWB,WB,2,40.703,0.820608455
61,K,1,low,SPWB,SP,2,57.189,0.933972433
61,K,1,low,SPWB,TOT,2,101.901,0.944349712
61,K,1,low,SPWB,WB,2,44.712,0.957963749
62,K,2,low,LMSPWB,LM,2,31.115,1.047537286
62,K,2,low,LMSPWB,SP,2,34.507,1.038866811
62,K,2,low,LMSPWB,TOT,2,103.063,0.884289011
62,K,2,low,LMSPWB,WB,2,37.441,0.698135372
64,K,4,high,SPWB,SP,2,65.046,1.132593895
64,K,4,high,SPWB,TOT,2,135.024,0.999674238
64,K,4,high,SPWB,WB,2,69.978,0.901348584
65,K,5,high,LMSPWB,LM,2,55.649,1.362676919
65,K,5,high,LMSPWB,SP,2,84.22,1.366121105
65,K,5,high,LMSPWB,TOT,2,186.219,1.144990716
65,K,5,high,LMSPWB,WB,2,46.35,0.770560755
67,L,1,high,LM,LM,2,80.467,1.381597473
67,L,1,high,LM,TOT,2,80.467,1.381597473
68,L,2,high,SP,SP,2,119.915,1.327315594
68,L,2,high,SP,TOT,2,119.915,1.327315594
69,L,3,high,WB,TOT,2,90.245,1.075907866
69,L,3,high,WB,WB,2,90.245,1.075907866
70,L,4,low,LM,LM,2,64.926,1.2360265
70,L,4,low,LM,TOT,2,64.926,1.2360265
71,L,5,low,SP,SP,2,153.886,1.254236183
71,L,5,low,SP,TOT,2,153.886,1.254236183
72,L,6,low,WB,TOT,2,89.128,0.967174156
72,L,6,low,WB,WB,2,89.128,0.967174156
73,M,1,low,LMSP,LM,2,39.63,1.429498972
73,M,1,low,LMSP,SP,2,40.244,1.270649154
73,M,1,low,LMSP,TOT,2,79.874,1.344793333
74,M,2,low,LMWB,LM,2,38.589,1.356570344
74,M,2,low,LMWB,TOT,2,117.521,1.184580028
74,M,2,low,LMWB,WB,2,78.932,1.115441686
75,M,3,low,SPWB,SP,2,75.402,1.209392593
75,M,3,low,SPWB,TOT,2,142.278,1.051799721
75,M,3,low,SPWB,WB,2,66.876,0.917064341
76,M,4,high,LMSP,LM,2,42.426,1.532509753
76,M,4,high,LMSP,SP,2,103.967,1.536950255
76,M,4,high,LMSP,TOT,2,146.393,1.535660712
77,M,5,high,LMWB,LM,2,64.02,1.761937526
77,M,5,high,LMWB,TOT,2,152.123,1.652882056
77,M,5,high,LMWB,WB,2,88.103,1.581741472
78,M,6,high,SPWB,SP,2,73.409,1.446397257
78,M,6,high,SPWB,TOT,2,153.471,1.299126416
78,M,6,high,SPWB,WB,2,80.062,1.188198454
79,N,1,high,LMSPWB,LM,2,49.183,1.44613349
79,N,1,high,LMSPWB,SP,2,61.462,1.217913405
79,N,1,high,LMSPWB,TOT,2,156.034,1.21465993
79,N,1,high,LMSPWB,WB,2,45.389,1.031943434
81,N,3,high,LM,LM,2,62.435,1.460023852
81,N,3,high,LM,TOT,2,62.435,1.460023852
82,N,4,low,LMSPWB,LM,2,28.755,1.286059305
82,N,4,low,LMSPWB,SP,2,49.517,1.056430278
82,N,4,low,LMSPWB,TOT,2,116.73,1.045902139
82,N,4,low,LMSPWB,WB,2,38.458,0.907542005
84,N,6,low,LM,LM,2,64.401,1.207979292
84,N,6,low,LM,TOT,2,64.401,1.207979292
85,O,1,low,SP,SP,2,51.503,1.09452768
85,O,1,low,SP,TOT,2,51.503,1.09452768
86,O,2,low,WB,TOT,2,79.923,1.083393203
86,O,2,low,WB,WB,2,79.923,1.083393203
87,O,3,low,LMSP,LM,2,35.253,1.422409619
87,O,3,low,LMSP,SP,2,46.903,1.07785821
87,O,3,low,LMSP,TOT,2,82.156,1.202887304
88,O,4,high,SP,SP,2,70.388,1.117163445
88,O,4,high,SP,TOT,2,70.388,1.117163445
89,O,5,high,WB,TOT,2,90.807,1.546256407
89,O,5,high,WB,WB,2,90.807,1.546256407
90,O,6,high,LMSP,LM,2,50.392,1.628911301
90,O,6,high,LMSP,SP,2,51.356,1.270244868
90,O,6,high,LMSP,TOT,2,101.748,1.425720932
91,P,1,high,LMWB,LM,2,61.67,1.728855373
91,P,1,high,LMWB,TOT,2,123.658,1.636250562
91,P,1,high,LMWB,WB,2,61.988,1.553467158
92,P,2,high,SPWB,SP,2,64.288,1.288646568
92,P,2,high,SPWB,TOT,2,138.659,1.418085683
92,P,2,high,SPWB,WB,2,74.371,1.552922261
93,P,3,high,LMSPWB,LM,2,58.636,2.052218956
93,P,3,high,LMSPWB,SP,2,56.465,1.348256925
93,P,3,high,LMSPWB,TOT,2,173.103,1.450004607
93,P,3,high,LMSPWB,WB,2,58.002,1.185431952
94,P,4,low,LMWB,LM,2,58.854,1.387280784
94,P,4,low,LMWB,TOT,2,128.02,1.263658708
94,P,4,low,LMWB,WB,2,69.166,1.174594549
95,P,5,low,SPWB,SP,2,81.748,1.358391492
95,P,5,low,SPWB,TOT,2,147.85,1.361606115
95,P,5,low,SPWB,WB,2,66.102,1.365602727
96,P,6,low,LMSPWB,LM,2,36.179,1.30737542
96,P,6,low,LMSPWB,SP,2,34.325,1.1056887
96,P,6,low,LMSPWB,TOT,2,124.887,1.069045805
96,P,6,low,LMSPWB,WB,2,54.383,0.935959659
2,A,2,low,LM,LM,4,48.849,1.053370423
2,A,2,low,LM,TOT,4,48.849,1.053370423
3,A,3,low,SP,SP,4,76.941,1.320852861
3,A,3,low,SP,TOT,4,76.941,1.320852861
5,A,5,high,LM,LM,4,58.71,1.327589716
5,A,5,high,LM,TOT,4,58.71,1.327589716
6,A,6,high,SP,SP,4,104.889,1.456488232
6,A,6,high,SP,TOT,4,104.889,1.456488232
7,B,1,high,WB,TOT,4,53.94,2.243573746
7,B,1,high,WB,WB,4,53.94,2.243573746
8,B,2,high,LMSP,LM,4,50.127,1.959463685
8,B,2,high,LMSP,SP,4,82.317,1.3105507
8,B,2,high,LMSP,TOT,4,132.444,1.498353942
9,B,3,high,LMWB,LM,4,53.969,1.801368491
9,B,3,high,LMWB,TOT,4,116.433,2.461221384
9,B,3,high,LMWB,WB,4,62.464,3.600853173
10,B,4,low,WB,TOT,4,63.862,1.542262365
10,B,4,low,WB,WB,4,63.862,1.542262365
11,B,5,low,LMSP,LM,4,50.235,1.334475614
11,B,5,low,LMSP,SP,4,57.303,1.404932944
11,B,5,low,LMSP,TOT,4,107.538,1.371116013
12,B,6,low,LMWB,LM,4,28.436,1.445212442
12,B,6,low,LMWB,TOT,4,87.987,2.079530146
12,B,6,low,LMWB,WB,4,59.551,2.630925558
13,C,1,low,SPWB,SP,4,63.977,1.585080026
13,C,1,low,SPWB,TOT,4,116.376,1.747413625
13,C,1,low,SPWB,WB,4,52.399,1.997141441
14,C,2,low,LMSPWB,LM,4,45.103,1.298974713
14,C,2,low,LMSPWB,SP,4,53.892,1.24900343
14,C,2,low,LMSPWB,TOT,4,138.502,1.367893968
14,C,2,low,LMSPWB,WB,4,39.507,1.689633051
16,C,4,high,SPWB,SP,4,82.801,1.439566744
16,C,4,high,SPWB,TOT,4,142.358,1.58019292
16,C,4,high,SPWB,WB,4,59.557,1.828528446
17,C,5,high,LMSPWB,LM,4,57.372,1.698703144
17,C,5,high,LMSPWB,SP,4,33.496,1.533840095
17,C,5,high,LMSPWB,TOT,4,145.057,1.702706827
17,C,5,high,LMSPWB,WB,4,54.189,1.831947262
19,D,1,high,LM,LM,4,67.93,1.551479993
19,D,1,high,LM,TOT,4,67.93,1.551479993
20,D,2,high,SP,SP,4,72.502,1.176216742
20,D,2,high,SP,TOT,4,72.502,1.176216742
21,D,3,high,WB,TOT,4,116.066,1.515004373
21,D,3,high,WB,WB,4,116.066,1.515004373
22,D,4,low,LM,LM,4,70.759,1.198837741
22,D,4,low,LM,TOT,4,70.759,1.198837741
23,D,5,low,SP,SP,4,79.287,1.069523694
23,D,5,low,SP,TOT,4,79.287,1.069523694
24,D,6,low,WB,TOT,4,100.844,1.357948884
24,D,6,low,WB,WB,4,100.844,1.357948884
25,E,1,low,LMSP,LM,4,37.407,1.23057438
25,E,1,low,LMSP,SP,4,86.309,1.121376694
25,E,1,low,LMSP,TOT,4,123.716,1.152293578
26,E,2,low,LMWB,LM,4,43.701,1.307239007
26,E,2,low,LMWB,TOT,4,100.964,1.362151077
26,E,2,low,LMWB,WB,4,57.263,1.407264506
27,E,3,low,SPWB,SP,4,38.422,1.202641793
27,E,3,low,SPWB,TOT,4,95.931,1.275339006
27,E,3,low,SPWB,WB,4,57.509,1.329011832
28,E,4,high,LMSP,LM,4,58.012,1.786743871
28,E,4,high,LMSP,SP,4,43.11,1.341110593
28,E,4,high,LMSP,TOT,4,101.122,1.565041091
29,E,5,high,LMWB,LM,4,60.267,1.73111392
29,E,5,high,LMWB,TOT,4,110.774,1.610695903
29,E,5,high,LMWB,WB,4,50.507,1.487249706
30,E,6,high,SPWB,SP,4,49.916,1.250212894
30,E,6,high,SPWB,TOT,4,126.474,1.346857928
30,E,6,high,SPWB,WB,4,76.558,1.418344851
31,F,1,high,LMSPWB,LM,4,51.484,1.422878147
31,F,1,high,LMSPWB,SP,4,58.001,1.484236655
31,F,1,high,LMSPWB,TOT,4,155.218,1.523806719
31,F,1,high,LMSPWB,WB,4,45.733,1.719221082
33,F,3,high,LM,LM,4,71.872,1.512457912
33,F,3,high,LM,TOT,4,71.872,1.512457912
34,F,4,low,LMSPWB,LM,4,29.482,1.084455234
34,F,4,low,LMSPWB,SP,4,38.969,1.151430091
34,F,4,low,LMSPWB,TOT,4,113.525,1.288460884
34,F,4,low,LMSPWB,WB,4,45.074,1.664537095
36,F,6,low,LM,LM,4,66.475,1.237895717
36,F,6,low,LM,TOT,4,66.475,1.237895717
37,G,1,low,SP,SP,4,133.57,1.369372879
37,G,1,low,SP,TOT,4,133.57,1.369372879
38,G,2,low,WB,TOT,4,97.372,1.386453276
38,G,2,low,WB,WB,4,97.372,1.386453276
39,G,3,low,LMSP,LM,4,46.413,1.20807413
39,G,3,low,LMSP,SP,4,53.608,1.207251436
39,G,3,low,LMSP,TOT,4,100.021,1.207633053
40,G,4,high,SP,SP,4,159.337,1.740741145
40,G,4,high,SP,TOT,4,159.337,1.740741145
41,G,5,high,WB,TOT,4,122.68,1.464346248
41,G,5,high,WB,WB,4,122.68,1.464346248
42,G,6,high,LMSP,LM,4,59.316,1.821800424
42,G,6,high,LMSP,SP,4,112.103,1.601357046
42,G,6,high,LMSP,TOT,4,171.419,1.671336921
43,H,1,high,LMWB,LM,4,47.476,1.535893371
43,H,1,high,LMWB,TOT,4,98.313,1.476171171
43,H,1,high,LMWB,WB,4,50.837,1.424444507
44,H,2,high,SPWB,SP,4,53.873,1.223413194
44,H,2,high,SPWB,TOT,4,101.932,1.318313502
44,H,2,high,SPWB,WB,4,48.059,1.443863602
45,H,3,high,LMSPWB,LM,4,28.839,1.480213519
45,H,3,high,LMSPWB,SP,4,26.595,1.164608513
45,H,3,high,LMSPWB,TOT,4,95.712,1.403422338
45,H,3,high,LMSPWB,WB,4,40.278,1.55633694
46,H,4,low,LMWB,LM,4,38.034,1.15816078
46,H,4,low,LMWB,TOT,4,87.2,1.201581899
46,H,4,low,LMWB,WB,4,49.166,1.237471999
47,H,5,low,SPWB,SP,4,59.518,1.216390762
47,H,5,low,SPWB,TOT,4,116.683,1.19554704
47,H,5,low,SPWB,WB,4,57.165,1.174591107
48,H,6,low,LMSPWB,LM,4,22.235,1.416061648
48,H,6,low,LMSPWB,SP,4,43.353,1.113156678
48,H,6,low,LMSPWB,TOT,4,127.904,1.333973008
48,H,6,low,LMSPWB,WB,4,62.316,1.511277101
50,I,2,low,LM,LM,4,75.317,1.443628766
50,I,2,low,LM,TOT,4,75.317,1.443628766
51,I,3,low,SP,SP,4,82.92,1.245849422
51,I,3,low,SP,TOT,4,82.92,1.245849422
53,I,5,high,LM,LM,4,52.993,1.680237167
53,I,5,high,LM,TOT,4,52.993,1.680237167
54,I,6,high,SP,SP,4,101.348,1.280082857
54,I,6,high,SP,TOT,4,101.348,1.280082857
55,J,1,high,WB,TOT,4,84.304,1.069359176
55,J,1,high,WB,WB,4,84.304,1.069359176
56,J,2,high,LMSP,LM,4,57.669,1.382883315
56,J,2,high,LMSP,SP,4,73.883,1.188460115
56,J,2,high,LMSP,TOT,4,131.552,1.266518403
57,J,3,high,LMWB,LM,4,55.563,1.609868459
57,J,3,high,LMWB,TOT,4,108.792,1.227983836
57,J,3,high,LMWB,WB,4,53.229,0.984264053
58,J,4,low,WB,TOT,4,99.836,0.909650849
58,J,4,low,WB,WB,4,99.836,0.909650849
59,J,5,low,LMSP,LM,4,65.549,1.09064741
59,J,5,low,LMSP,SP,4,60.754,1.243939394
59,J,5,low,LMSP,TOT,4,126.303,1.159370669
60,J,6,low,LMWB,LM,4,48.089,1.199526066
60,J,6,low,LMWB,TOT,4,88.792,0.989976698
60,J,6,low,LMWB,WB,4,40.703,0.820608455
61,K,1,low,SPWB,SP,4,57.189,0.933972433
61,K,1,low,SPWB,TOT,4,101.901,0.944349712
61,K,1,low,SPWB,WB,4,44.712,0.957963749
62,K,2,low,LMSPWB,LM,4,31.115,1.047537286
62,K,2,low,LMSPWB,SP,4,34.507,1.038866811
62,K,2,low,LMSPWB,TOT,4,103.063,0.884289011
62,K,2,low,LMSPWB,WB,4,37.441,0.698135372
64,K,4,high,SPWB,SP,4,65.046,1.132593895
64,K,4,high,SPWB,TOT,4,135.024,0.999674238
64,K,4,high,SPWB,WB,4,69.978,0.901348584
65,K,5,high,LMSPWB,LM,4,55.649,1.362676919
65,K,5,high,LMSPWB,SP,4,84.22,1.366121105
65,K,5,high,LMSPWB,TOT,4,186.219,1.144990716
65,K,5,high,LMSPWB,WB,4,46.35,0.770560755
67,L,1,high,LM,LM,4,80.467,1.381597473
67,L,1,high,LM,TOT,4,80.467,1.381597473
68,L,2,high,SP,SP,4,119.915,1.327315594
68,L,2,high,SP,TOT,4,119.915,1.327315594
69,L,3,high,WB,TOT,4,90.245,1.075907866
69,L,3,high,WB,WB,4,90.245,1.075907866
70,L,4,low,LM,LM,4,64.926,1.2360265
70,L,4,low,LM,TOT,4,64.926,1.2360265
71,L,5,low,SP,SP,4,153.886,1.254236183
71,L,5,low,SP,TOT,4,153.886,1.254236183
72,L,6,low,WB,TOT,4,89.128,0.967174156
72,L,6,low,WB,WB,4,89.128,0.967174156
73,M,1,low,LMSP,LM,4,39.63,1.429498972
73,M,1,low,LMSP,SP,4,40.244,1.270649154
73,M,1,low,LMSP,TOT,4,79.874,1.344793333
74,M,2,low,LMWB,LM,4,38.589,1.356570344
74,M,2,low,LMWB,TOT,4,117.521,1.184580028
74,M,2,low,LMWB,WB,4,78.932,1.115441686
75,M,3,low,SPWB,SP,4,75.402,1.209392593
75,M,3,low,SPWB,TOT,4,142.278,1.051799721
75,M,3,low,SPWB,WB,4,66.876,0.917064341
76,M,4,high,LMSP,LM,4,42.426,1.532509753
76,M,4,high,LMSP,SP,4,103.967,1.536950255
76,M,4,high,LMSP,TOT,4,146.393,1.535660712
77,M,5,high,LMWB,LM,4,64.02,1.761937526
77,M,5,high,LMWB,TOT,4,152.123,1.652882056
77,M,5,high,LMWB,WB,4,88.103,1.581741472
78,M,6,high,SPWB,SP,4,73.409,1.446397257
78,M,6,high,SPWB,TOT,4,153.471,1.299126416
78,M,6,high,SPWB,WB,4,80.062,1.188198454
79,N,1,high,LMSPWB,LM,4,49.183,1.44613349
79,N,1,high,LMSPWB,SP,4,61.462,1.217913405
79,N,1,high,LMSPWB,TOT,4,156.034,1.21465993
79,N,1,high,LMSPWB,WB,4,45.389,1.031943434
81,N,3,high,LM,LM,4,62.435,1.460023852
81,N,3,high,LM,TOT,4,62.435,1.460023852
82,N,4,low,LMSPWB,LM,4,28.755,1.286059305
82,N,4,low,LMSPWB,SP,4,49.517,1.056430278
82,N,4,low,LMSPWB,TOT,4,116.73,1.045902139
82,N,4,low,LMSPWB,WB,4,38.458,0.907542005
84,N,6,low,LM,LM,4,64.401,1.207979292
84,N,6,low,LM,TOT,4,64.401,1.207979292
85,O,1,low,SP,SP,4,51.503,1.09452768
85,O,1,low,SP,TOT,4,51.503,1.09452768
86,O,2,low,WB,TOT,4,79.923,1.083393203
86,O,2,low,WB,WB,4,79.923,1.083393203
87,O,3,low,LMSP,LM,4,35.253,1.422409619
87,O,3,low,LMSP,SP,4,46.903,1.07785821
87,O,3,low,LMSP,TOT,4,82.156,1.202887304
88,O,4,high,SP,SP,4,70.388,1.117163445
88,O,4,high,SP,TOT,4,70.388,1.117163445
89,O,5,high,WB,TOT,4,90.807,1.546256407
89,O,5,high,WB,WB,4,90.807,1.546256407
90,O,6,high,LMSP,LM,4,50.392,1.628911301
90,O,6,high,LMSP,SP,4,51.356,1.270244868
90,O,6,high,LMSP,TOT,4,101.748,1.425720932
91,P,1,high,LMWB,LM,4,61.67,1.728855373
91,P,1,high,LMWB,TOT,4,123.658,1.636250562
91,P,1,high,LMWB,WB,4,61.988,1.553467158
92,P,2,high,SPWB,SP,4,64.288,1.288646568
92,P,2,high,SPWB,TOT,4,138.659,1.418085683
92,P,2,high,SPWB,WB,4,74.371,1.552922261
93,P,3,high,LMSPWB,LM,4,58.636,2.052218956
93,P,3,high,LMSPWB,SP,4,56.465,1.348256925
93,P,3,high,LMSPWB,TOT,4,173.103,1.450004607
93,P,3,high,LMSPWB,WB,4,58.002,1.185431952
94,P,4,low,LMWB,LM,4,58.854,1.387280784
94,P,4,low,LMWB,TOT,4,128.02,1.263658708
94,P,4,low,LMWB,WB,4,69.166,1.174594549
95,P,5,low,SPWB,SP,4,81.748,1.358391492
95,P,5,low,SPWB,TOT,4,147.85,1.361606115
95,P,5,low,SPWB,WB,4,66.102,1.365602727
96,P,6,low,LMSPWB,LM,4,36.179,1.30737542
96,P,6,low,LMSPWB,SP,4,34.325,1.1056887
96,P,6,low,LMSPWB,TOT,4,124.887,1.069045805
96,P,6,low,LMSPWB,WB,4,54.383,0.935959659
2,A,2,low,LM,LM,6,77.692,1.675335317
2,A,2,low,LM,TOT,6,77.692,1.675335317
3,A,3,low,SP,SP,6,111.415,1.912671027
3,A,3,low,SP,TOT,6,111.415,1.912671027
5,A,5,high,LM,LM,6,218.145,4.932840377
5,A,5,high,LM,TOT,6,218.145,4.932840377
6,A,6,high,SP,SP,6,372.054,5.166340346
6,A,6,high,SP,TOT,6,372.054,5.166340346
7,B,1,high,WB,TOT,6,191.422,7.961983196
7,B,1,high,WB,WB,6,191.422,7.961983196
8,B,2,high,LMSP,LM,6,159.121,6.220037526
8,B,2,high,LMSP,SP,6,229.055,3.646733852
8,B,2,high,LMSP,TOT,6,388.176,4.391478963
9,B,3,high,LMWB,LM,6,149.517,4.990554072
9,B,3,high,LMWB,TOT,6,286.584,6.057961824
9,B,3,high,LMWB,WB,6,137.067,7.901481524
10,B,4,low,WB,TOT,6,63.989,1.545329405
10,B,4,low,WB,WB,6,63.989,1.545329405
11,B,5,low,LMSP,LM,6,67.365,1.789528212
11,B,5,low,LMSP,SP,6,76.036,1.864221443
11,B,5,low,LMSP,TOT,6,143.401,1.828371435
12,B,6,low,LMWB,LM,6,45.916,2.333604391
12,B,6,low,LMWB,TOT,6,100.771,2.381673796
12,B,6,low,LMWB,WB,6,54.855,2.423459245
13,C,1,low,SPWB,SP,6,78.964,1.956394629
13,C,1,low,SPWB,TOT,6,120.441,1.808450577
13,C,1,low,SPWB,WB,6,41.477,1.580859092
14,C,2,low,LMSPWB,LM,6,54.422,1.567363631
14,C,2,low,LMSPWB,SP,6,73.895,1.712593863
14,C,2,low,LMSPWB,TOT,6,171.254,1.691364121
14,C,2,low,LMSPWB,WB,6,42.937,1.836327089
16,C,4,high,SPWB,SP,6,222.464,3.867728363
16,C,4,high,SPWB,TOT,6,415.033,4.606922044
16,C,4,high,SPWB,WB,6,192.569,5.912283934
17,C,5,high,LMSPWB,LM,6,155.022,4.589980458
17,C,5,high,LMSPWB,SP,6,107.661,4.929984431
17,C,5,high,LMSPWB,TOT,6,410.204,4.815053057
17,C,5,high,LMSPWB,WB,6,147.521,4.987187289
19,D,1,high,LM,LM,6,263.005,6.006874657
19,D,1,high,LM,TOT,6,263.005,6.006874657
20,D,2,high,SP,SP,6,138.949,2.254201817
20,D,2,high,SP,TOT,6,138.949,2.254201817
21,D,3,high,WB,TOT,6,341.817,4.461722207
21,D,3,high,WB,WB,6,341.817,4.461722207
22,D,4,low,LM,LM,6,102.066,1.729258086
22,D,4,low,LM,TOT,6,102.066,1.729258086
23,D,5,low,SP,SP,6,97.793,1.319156111
23,D,5,low,SP,TOT,6,97.793,1.319156111
24,D,6,low,WB,TOT,6,102.943,1.386213676
24,D,6,low,WB,WB,6,102.943,1.386213676
25,E,1,low,LMSP,LM,6,57.357,1.886867557
25,E,1,low,LMSP,SP,6,109.881,1.427637819
25,E,1,low,LMSP,TOT,6,167.238,1.557658455
26,E,2,low,LMWB,LM,6,60.641,1.813969488
26,E,2,low,LMWB,TOT,6,107.034,1.444044198
26,E,2,low,LMWB,WB,6,46.393,1.140129267
27,E,3,low,SPWB,SP,6,40.825,1.277857769
27,E,3,low,SPWB,TOT,6,84.994,1.129938846
27,E,3,low,SPWB,WB,6,44.169,1.02072934
28,E,4,high,LMSP,LM,6,196.202,6.042934582
28,E,4,high,LMSP,SP,6,158.349,4.926084928
28,E,4,high,LMSP,TOT,6,354.551,5.487301317
29,E,5,high,LMWB,LM,6,180.233,5.177026484
29,E,5,high,LMWB,TOT,6,323.162,4.698897839
29,E,5,high,LMWB,WB,6,142.929,4.208745583
30,E,6,high,SPWB,SP,6,118.717,2.973425838
30,E,6,high,SPWB,TOT,6,292.723,3.117291247
30,E,6,high,SPWB,WB,6,174.006,3.223706393
31,F,1,high,LMSPWB,LM,6,168.514,4.657269989
31,F,1,high,LMSPWB,SP,6,178.059,4.55650238
31,F,1,high,LMSPWB,TOT,6,460.118,4.517072117
31,F,1,high,LMSPWB,WB,6,113.545,4.268448555
33,F,3,high,LM,LM,6,273.464,5.754713805
33,F,3,high,LM,TOT,6,273.464,5.754713805
34,F,4,low,LMSPWB,LM,6,51.996,1.912602075
34,F,4,low,LMSPWB,SP,6,58.367,1.724589292
34,F,4,low,LMSPWB,TOT,6,166.409,1.888671986
34,F,4,low,LMSPWB,WB,6,56.046,2.069721925
36,F,6,low,LM,LM,6,107.474,2.001378026
36,F,6,low,LM,TOT,6,107.474,2.001378026
37,G,1,low,SP,SP,6,166.082,1.702689126
37,G,1,low,SP,TOT,6,166.082,1.702689126
38,G,2,low,WB,TOT,6,87.545,1.24652931
38,G,2,low,WB,WB,6,87.545,1.24652931
39,G,3,low,LMSP,LM,6,56.668,1.474999349
39,G,3,low,LMSP,SP,6,61.192,1.378043013
39,G,3,low,LMSP,TOT,6,117.86,1.423017483
40,G,4,high,SP,SP,6,534.839,5.84306378
40,G,4,high,SP,TOT,6,534.839,5.84306378
41,G,5,high,WB,TOT,6,327.044,3.903697868
41,G,5,high,WB,WB,6,327.044,3.903697868
42,G,6,high,LMSP,LM,6,140.636,4.31942013
42,G,6,high,LMSP,SP,6,195.326,2.790172131
42,G,6,high,LMSP,TOT,6,335.962,3.275632776
43,H,1,high,LMWB,LM,6,146.143,4.727863867
43,H,1,high,LMWB,TOT,6,297.335,4.464489489
43,H,1,high,LMWB,WB,6,151.192,4.236375354
44,H,2,high,SPWB,SP,6,130.755,2.969342568
44,H,2,high,SPWB,TOT,6,277.144,3.584376617
44,H,2,high,SPWB,WB,6,146.389,4.398047168
45,H,3,high,LMSPWB,LM,6,97.211,4.989529333
45,H,3,high,LMSPWB,SP,6,65.059,2.848966544
45,H,3,high,LMSPWB,TOT,6,267.598,3.923781874
45,H,3,high,LMSPWB,WB,6,105.328,4.069860896
46,H,4,low,LMWB,LM,6,56.913,1.733038977
46,H,4,low,LMWB,TOT,6,104.154,1.435201389
46,H,4,low,LMWB,WB,6,47.241,1.189021167
47,H,5,low,SPWB,SP,6,62.696,1.281340691
47,H,5,low,SPWB,TOT,6,116.781,1.196551159
47,H,5,low,SPWB,WB,6,54.085,1.11130517
48,H,6,low,LMSPWB,LM,6,26.758,1.704114126
48,H,6,low,LMSPWB,SP,6,47.794,1.227186361
48,H,6,low,LMSPWB,TOT,6,121.194,1.263991156
48,H,6,low,LMSPWB,WB,6,46.642,1.131153902
50,I,2,low,LM,LM,6,120.64,2.312351453
50,I,2,low,LM,TOT,6,120.64,2.312351453
51,I,3,low,SP,SP,6,109.825,1.650089397
51,I,3,low,SP,TOT,6,109.825,1.650089397
53,I,5,high,LM,LM,6,194.305,6.16078506
53,I,5,high,LM,TOT,6,194.305,6.16078506
54,I,6,high,SP,SP,6,330.691,4.176815328
54,I,6,high,SP,TOT,6,330.691,4.176815328
55,J,1,high,WB,TOT,6,283.68,3.598356081
55,J,1,high,WB,WB,6,283.68,3.598356081
56,J,2,high,LMSP,LM,6,110.092,2.639969306
56,J,2,high,LMSP,SP,6,147.629,2.374716489
56,J,2,high,LMSP,TOT,6,257.721,2.481211911
57,J,3,high,LMWB,LM,6,148.187,4.293533059
57,J,3,high,LMWB,TOT,6,319.947,3.611384518
57,J,3,high,LMWB,WB,6,171.76,3.176035503
58,J,4,low,WB,TOT,6,87.143,0.793999198
58,J,4,low,WB,WB,6,87.143,0.793999198
59,J,5,low,LMSP,LM,6,84.074,1.398878554
59,J,5,low,LMSP,SP,6,61.185,1.252764128
59,J,5,low,LMSP,TOT,6,145.259,1.33337311
60,J,6,low,LMWB,LM,6,70.363,1.755125967
60,J,6,low,LMWB,TOT,6,116.855,1.302862049
60,J,6,low,LMWB,WB,6,46.492,0.937319812
61,K,1,low,SPWB,SP,6,69.5,1.135027437
61,K,1,low,SPWB,TOT,6,117.753,1.091255352
61,K,1,low,SPWB,WB,6,48.253,1.033830398
62,K,2,low,LMSPWB,LM,6,49.121,1.65373868
62,K,2,low,LMSPWB,SP,6,39.104,1.177263969
62,K,2,low,LMSPWB,TOT,6,126.326,1.083887464
62,K,2,low,LMSPWB,WB,6,38.101,0.710441917
64,K,4,high,SPWB,SP,6,133.33,2.321568491
64,K,4,high,SPWB,TOT,6,351.654,2.603533035
64,K,4,high,SPWB,WB,6,218.324,2.812112781
65,K,5,high,LMSPWB,LM,6,139.757,3.422229296
65,K,5,high,LMSPWB,SP,6,210.582,3.41582183
65,K,5,high,LMSPWB,TOT,6,473.318,2.910254676
65,K,5,high,LMSPWB,WB,6,122.979,2.044504663
67,L,1,high,LM,LM,6,234.586,4.027780639
67,L,1,high,LM,TOT,6,234.586,4.027780639
68,L,2,high,SP,SP,6,317.201,3.511035597
68,L,2,high,SP,TOT,6,317.201,3.511035597
69,L,3,high,WB,TOT,6,290.788,3.466797015
69,L,3,high,WB,WB,6,290.788,3.466797015
70,L,4,low,LM,LM,6,94.922,1.807074322
70,L,4,low,LM,TOT,6,94.922,1.807074322
71,L,5,low,SP,SP,6,204.947,1.670404995
71,L,5,low,SP,TOT,6,204.947,1.670404995
72,L,6,low,WB,TOT,6,101.253,1.09874882
72,L,6,low,WB,WB,6,101.253,1.09874882
73,M,1,low,LMSP,LM,6,49.261,1.776900047
73,M,1,low,LMSP,SP,6,54.265,1.713343016
73,M,1,low,LMSP,TOT,6,103.526,1.743008671
74,M,2,low,LMWB,LM,6,55.923,1.965935457
74,M,2,low,LMWB,TOT,6,116.94,1.178723705
74,M,2,low,LMWB,WB,6,61.017,0.862272657
75,M,3,low,SPWB,SP,6,92.839,1.489069242
75,M,3,low,SPWB,TOT,6,156.462,1.156655898
75,M,3,low,SPWB,WB,6,63.623,0.872456256
76,M,4,high,LMSP,LM,6,125.805,4.54432163
76,M,4,high,LMSP,SP,6,296.718,4.386399586
76,M,4,high,LMSP,TOT,6,422.523,4.432260907
77,M,5,high,LMWB,LM,6,161.653,4.448961057
77,M,5,high,LMWB,TOT,6,334.441,3.63384582
77,M,5,high,LMWB,WB,6,172.788,3.102118492
78,M,6,high,SPWB,SP,6,173.305,3.414674995
78,M,6,high,SPWB,TOT,6,390.44,3.305060355
78,M,6,high,SPWB,WB,6,217.135,3.222495956
79,N,1,high,LMSPWB,LM,6,137.524,4.043634225
79,N,1,high,LMSPWB,SP,6,170.968,3.387852967
79,N,1,high,LMSPWB,TOT,6,419.441,3.265174102
79,N,1,high,LMSPWB,WB,6,110.949,2.522485449
81,N,3,high,LM,LM,6,245.591,5.743072282
81,N,3,high,LM,TOT,6,245.591,5.743072282
82,N,4,low,LMSPWB,LM,6,46.777,2.092088197
82,N,4,low,LMSPWB,SP,6,58.055,1.238585936
82,N,4,low,LMSPWB,TOT,6,145.665,1.305160071
82,N,4,low,LMSPWB,WB,6,40.833,0.96358788
84,N,6,low,LM,LM,6,99.557,1.867405698
84,N,6,low,LM,TOT,6,99.557,1.867405698
85,O,1,low,SP,SP,6,66.803,1.419679099
85,O,1,low,SP,TOT,6,66.803,1.419679099
86,O,2,low,WB,TOT,6,66.877,0.906548644
86,O,2,low,WB,WB,6,66.877,0.906548644
87,O,3,low,LMSP,LM,6,49.102,1.981197547
87,O,3,low,LMSP,SP,6,53.798,1.236309319
87,O,3,low,LMSP,TOT,6,102.9,1.506610639
88,O,4,high,SP,SP,6,129.422,2.05412183
88,O,4,high,SP,TOT,6,129.422,2.05412183
89,O,5,high,WB,TOT,6,223.276,3.801930969
89,O,5,high,WB,WB,6,223.276,3.801930969
90,O,6,high,LMSP,LM,6,142.561,4.608255754
90,O,6,high,LMSP,SP,6,149.098,3.687806085
90,O,6,high,LMSP,TOT,6,291.659,4.086806042
91,P,1,high,LMWB,LM,6,164.596,4.614280508
91,P,1,high,LMWB,TOT,6,321.18,4.249874295
91,P,1,high,LMWB,WB,6,156.584,3.924115981
92,P,2,high,SPWB,SP,6,179.028,3.588598461
92,P,2,high,SPWB,TOT,6,370.727,3.791478743
92,P,2,high,SPWB,WB,6,191.699,4.002818901
93,P,3,high,LMSPWB,LM,6,132.045,4.62148257
93,P,3,high,LMSPWB,SP,6,109.512,2.614899713
93,P,3,high,LMSPWB,TOT,6,349.301,2.925934613
93,P,3,high,LMSPWB,WB,6,107.744,2.202047865
94,P,4,low,LMWB,LM,6,77.846,1.834951914
94,P,4,low,LMWB,TOT,6,133.189,1.314680828
94,P,4,low,LMWB,WB,6,55.343,0.939848858
95,P,5,low,SPWB,SP,6,107.513,1.786523762
95,P,5,low,SPWB,TOT,6,149.509,1.376884468
95,P,5,low,SPWB,WB,6,41.996,0.867596323
96,P,6,low,LMSPWB,LM,6,43.847,1.584468616
96,P,6,low,LMSPWB,SP,6,39.796,1.281922433
96,P,6,low,LMSPWB,TOT,6,129.734,1.110536633
96,P,6,low,LMSPWB,WB,6,46.091,0.793250034
2,A,2,low,LM,LM,8,85.586,1.845560012
2,A,2,low,LM,TOT,8,85.586,1.845560012
3,A,3,low,SP,SP,8,126.543,2.172374723
3,A,3,low,SP,TOT,8,126.543,2.172374723
5,A,5,high,LM,LM,8,341.77,7.728331411
5,A,5,high,LM,TOT,8,341.77,7.728331411
6,A,6,high,SP,SP,8,547.758,7.606165382
6,A,6,high,SP,TOT,8,547.758,7.606165382
7,B,1,high,WB,TOT,8,251.377,10.45574411
7,B,1,high,WB,WB,8,251.377,10.45574411
8,B,2,high,LMSP,LM,8,223.004,8.717223047
8,B,2,high,LMSP,SP,8,300.779,4.788635749
8,B,2,high,LMSP,TOT,8,523.783,5.925616282
9,B,3,high,LMWB,LM,8,198.739,6.633477971
9,B,3,high,LMWB,TOT,8,330.936,6.995497495
9,B,3,high,LMWB,WB,8,132.197,7.620741339
10,B,4,low,WB,TOT,8,61.095,1.475439529
10,B,4,low,WB,WB,8,61.095,1.475439529
11,B,5,low,LMSP,LM,8,68.521,1.820236957
11,B,5,low,LMSP,SP,8,78.024,1.912962464
11,B,5,low,LMSP,TOT,8,146.545,1.868457625
12,B,6,low,LMWB,LM,8,50.403,2.561648709
12,B,6,low,LMWB,TOT,8,96.337,2.276878353
12,B,6,low,LMWB,WB,8,45.934,2.029335101
13,C,1,low,SPWB,SP,8,76.818,1.903225806
13,C,1,low,SPWB,TOT,8,111.74,1.67780297
13,C,1,low,SPWB,WB,8,34.922,1.331021077
14,C,2,low,LMSPWB,LM,8,56.943,1.639968896
14,C,2,low,LMSPWB,SP,8,69.64,1.61397979
14,C,2,low,LMSPWB,TOT,8,163.757,1.617321139
14,C,2,low,LMSPWB,WB,8,37.174,1.589855444
16,C,4,high,SPWB,SP,8,296.38,5.152821725
16,C,4,high,SPWB,TOT,8,478.678,5.313390092
16,C,4,high,SPWB,WB,8,182.298,5.596942065
17,C,5,high,LMSPWB,LM,8,202.476,5.995025759
17,C,5,high,LMSPWB,SP,8,150.749,6.903058888
17,C,5,high,LMSPWB,TOT,8,491.883,5.77381679
17,C,5,high,LMSPWB,WB,8,138.658,4.687559162
19,D,1,high,LM,LM,8,406.652,9.287684999
19,D,1,high,LM,TOT,8,406.652,9.287684999
20,D,2,high,SP,SP,8,243.344,3.947826087
20,D,2,high,SP,TOT,8,243.344,3.947826087
21,D,3,high,WB,TOT,8,391.347,5.10823511
21,D,3,high,WB,WB,8,391.347,5.10823511
22,D,4,low,LM,LM,8,106.773,1.809006658
22,D,4,low,LM,TOT,8,106.773,1.809006658
23,D,5,low,SP,SP,8,105.191,1.418949725
23,D,5,low,SP,TOT,8,105.191,1.418949725
24,D,6,low,WB,TOT,8,88.36,1.189841372
24,D,6,low,WB,WB,8,88.36,1.189841372
25,E,1,low,LMSP,LM,8,65.956,2.16974801
25,E,1,low,LMSP,SP,8,115.538,1.501136851
25,E,1,low,LMSP,TOT,8,181.494,1.690439156
26,E,2,low,LMWB,LM,8,70.261,2.101734969
26,E,2,low,LMWB,TOT,8,123.406,1.664926269
26,E,2,low,LMWB,WB,8,53.145,1.306062766
27,E,3,low,SPWB,SP,8,46.71,1.462063353
27,E,3,low,SPWB,TOT,8,94.928,1.262004786
27,E,3,low,SPWB,WB,8,48.218,1.11430024
28,E,4,high,LMSP,LM,8,287.709,8.861309597
28,E,4,high,LMSP,SP,8,219.456,6.827064862
28,E,4,high,LMSP,TOT,8,507.165,7.849271818
29,E,5,high,LMWB,LM,8,282.759,8.121991153
29,E,5,high,LMWB,TOT,8,469.195,6.822272952
29,E,5,high,LMWB,WB,8,186.436,5.489870436
30,E,6,high,SPWB,SP,8,167.872,4.20457847
30,E,6,high,SPWB,TOT,8,407.605,4.34070264
30,E,6,high,SPWB,WB,8,239.733,4.441391704
31,F,1,high,LMSPWB,LM,8,226.938,6.271950916
31,F,1,high,LMSPWB,SP,8,230.46,5.897435897
31,F,1,high,LMSPWB,TOT,8,584.109,5.734317017
31,F,1,high,LMSPWB,WB,8,126.711,4.763392354
33,F,3,high,LM,LM,8,392.16,8.252525253
33,F,3,high,LM,TOT,8,392.16,8.252525253
34,F,4,low,LMSPWB,LM,8,58.134,2.138380049
34,F,4,low,LMSPWB,SP,8,63.616,1.879683253
34,F,4,low,LMSPWB,TOT,8,177.304,2.012325642
34,F,4,low,LMSPWB,WB,8,55.554,2.051552864
36,F,6,low,LM,LM,8,120.922,2.251806331
36,F,6,low,LM,TOT,8,120.922,2.251806331
37,G,1,low,SP,SP,8,170.874,1.751817185
37,G,1,low,SP,TOT,8,170.874,1.751817185
38,G,2,low,WB,TOT,8,93.12,1.325910211
38,G,2,low,WB,WB,8,93.12,1.325910211
39,G,3,low,LMSP,LM,8,51.446,1.339077019
39,G,3,low,LMSP,SP,8,67.997,1.531291521
39,G,3,low,LMSP,TOT,8,119.443,1.4421303
40,G,4,high,SP,SP,8,736.715,8.048539341
40,G,4,high,SP,TOT,8,736.715,8.048539341
41,G,5,high,WB,TOT,8,466.565,5.569063477
41,G,5,high,WB,WB,8,466.565,5.569063477
42,G,6,high,LMSP,LM,8,184.105,5.654504131
42,G,6,high,LMSP,SP,8,265.788,3.796700236
42,G,6,high,LMSP,TOT,8,449.893,4.386461136
43,H,1,high,LMWB,LM,8,224.538,7.264016046
43,H,1,high,LMWB,TOT,8,413.977,6.215870871
43,H,1,high,LMWB,WB,8,189.439,5.308050099
44,H,2,high,SPWB,SP,8,208.866,4.74318156
44,H,2,high,SPWB,TOT,8,441.485,5.709842214
44,H,2,high,SPWB,WB,8,232.619,6.98870362
45,H,3,high,LMSPWB,LM,8,145.642,7.475337474
45,H,3,high,LMSPWB,SP,8,90.544,3.964967595
45,H,3,high,LMSPWB,TOT,8,406.409,5.959163624
45,H,3,high,LMSPWB,WB,8,170.223,6.577395672
46,H,4,low,LMWB,LM,8,64.872,1.975395859
46,H,4,low,LMWB,TOT,8,113.921,1.569786829
46,H,4,low,LMWB,WB,8,49.049,1.234527195
47,H,5,low,SPWB,SP,8,70.199,1.434682199
47,H,5,low,SPWB,TOT,8,126.794,1.299145474
47,H,5,low,SPWB,WB,8,56.595,1.162879099
48,H,6,low,LMSPWB,LM,8,34.159,2.175455356
48,H,6,low,LMSPWB,SP,8,50.17,1.28819391
48,H,6,low,LMSPWB,TOT,8,138.539,1.444890595
48,H,6,low,LMSPWB,WB,8,54.21,1.314691759
50,I,2,low,LM,LM,8,124.314,2.382772368
50,I,2,low,LM,TOT,8,124.314,2.382772368
51,I,3,low,SP,SP,8,112.255,1.686599456
51,I,3,low,SP,TOT,8,112.255,1.686599456
53,I,5,high,LM,LM,8,315.114,9.99124893
53,I,5,high,LM,TOT,8,315.114,9.99124893
54,I,6,high,SP,SP,8,478.351,6.041845073
54,I,6,high,SP,TOT,8,478.351,6.041845073
55,J,1,high,WB,TOT,8,337.516,4.281242072
55,J,1,high,WB,WB,8,337.516,4.281242072
56,J,2,high,LMSP,LM,8,129.368,3.102201333
56,J,2,high,LMSP,SP,8,153.396,2.467482748
56,J,2,high,LMSP,TOT,8,282.764,2.722313684
57,J,3,high,LMWB,LM,8,208.566,6.042939097
57,J,3,high,LMWB,TOT,8,389.775,4.399564305
57,J,3,high,LMWB,WB,8,181.209,3.350758136
58,J,4,low,WB,TOT,8,73.446,0.66919965
58,J,4,low,WB,WB,8,73.446,0.66919965
59,J,5,low,LMSP,LM,8,91.783,1.527145971
59,J,5,low,LMSP,SP,8,64.372,1.318018018
59,J,5,low,LMSP,TOT,8,156.155,1.433390551
60,J,6,low,LMWB,LM,8,73.203,1.825966575
60,J,6,low,LMWB,TOT,8,111.465,1.242766833
60,J,6,low,LMWB,WB,8,38.262,0.771395738
61,K,1,low,SPWB,SP,8,66.721,1.08964267
61,K,1,low,SPWB,TOT,8,107.62,0.997349545
61,K,1,low,SPWB,WB,8,40.899,0.876269443
62,K,2,low,LMSPWB,LM,8,52.685,1.77372656
62,K,2,low,LMSPWB,SP,8,47.685,1.435603324
62,K,2,low,LMSPWB,TOT,8,131.922,1.131901604
62,K,2,low,LMSPWB,WB,8,31.552,0.588327429
64,K,4,high,SPWB,SP,8,183.808,3.200501471
64,K,4,high,SPWB,TOT,8,438.896,3.249444724
64,K,4,high,SPWB,WB,8,255.088,3.285649883
65,K,5,high,LMSPWB,LM,8,187.03,4.579803125
65,K,5,high,LMSPWB,SP,8,274.937,4.459715486
65,K,5,high,LMSPWB,TOT,8,585.058,3.597301984
65,K,5,high,LMSPWB,WB,8,123.091,2.046366644
67,L,1,high,LM,LM,8,329.498,5.657395007
67,L,1,high,LM,TOT,8,329.498,5.657395007
68,L,2,high,SP,SP,8,416.315,4.608109006
68,L,2,high,SP,TOT,8,416.315,4.608109006
69,L,3,high,WB,TOT,8,391.171,4.663570901
69,L,3,high,WB,WB,8,391.171,4.663570901
70,L,4,low,LM,LM,8,104.516,1.989719769
70,L,4,low,LM,TOT,8,104.516,1.989719769
71,L,5,low,SP,SP,8,220.1,1.793908373
71,L,5,low,SP,TOT,8,220.1,1.793908373
72,L,6,low,WB,TOT,8,86.597,0.939708962
72,L,6,low,WB,WB,8,86.597,0.939708962
73,M,1,low,LMSP,LM,8,49.348,1.780038235
73,M,1,low,LMSP,SP,8,56.516,1.784415256
73,M,1,low,LMSP,TOT,8,105.864,1.782372254
74,M,2,low,LMWB,LM,8,60.944,2.142445335
74,M,2,low,LMWB,TOT,8,118.143,1.19084962
74,M,2,low,LMWB,WB,8,57.199,0.808317906
75,M,3,low,SPWB,SP,8,96.587,1.549184403
75,M,3,low,SPWB,TOT,8,147.669,1.091653052
75,M,3,low,SPWB,WB,8,51.082,0.700482694
76,M,4,high,LMSP,LM,8,175.093,6.324700188
76,M,4,high,LMSP,SP,8,393.087,5.811028162
76,M,4,high,LMSP,TOT,8,568.18,5.960200988
77,M,5,high,LMWB,LM,8,222.79,6.131553598
77,M,5,high,LMWB,TOT,8,448.732,4.875666866
77,M,5,high,LMWB,WB,8,225.942,4.056409336
78,M,6,high,SPWB,SP,8,220.741,4.349319252
78,M,6,high,SPWB,TOT,8,471.218,3.988843178
78,M,6,high,SPWB,WB,8,250.477,3.717323875
79,N,1,high,LMSPWB,LM,8,183.701,5.401381946
79,N,1,high,LMSPWB,SP,8,223.535,4.429505598
79,N,1,high,LMSPWB,TOT,8,533.214,4.150849687
79,N,1,high,LMSPWB,WB,8,125.978,2.864177883
81,N,3,high,LM,LM,8,379.454,8.87341861
81,N,3,high,LM,TOT,8,379.454,8.87341861
82,N,4,low,LMSPWB,LM,8,59.931,2.680397156
82,N,4,low,LMSPWB,SP,8,56.431,1.203938385
82,N,4,low,LMSPWB,TOT,8,157.625,1.412321808
82,N,4,low,LMSPWB,WB,8,41.263,0.973735133
84,N,6,low,LM,LM,8,125.963,2.362707032
84,N,6,low,LM,TOT,8,125.963,2.362707032
85,O,1,low,SP,SP,8,69.45,1.47593242
85,O,1,low,SP,TOT,8,69.45,1.47593242
86,O,2,low,WB,TOT,8,79.494,1.07757791
86,O,2,low,WB,WB,8,79.494,1.07757791
87,O,3,low,LMSP,LM,8,58.792,2.372175597
87,O,3,low,LMSP,SP,8,55.965,1.286108239
87,O,3,low,LMSP,TOT,8,114.757,1.680214937
88,O,4,high,SP,SP,8,204.955,3.252944164
88,O,4,high,SP,TOT,8,204.955,3.252944164
89,O,5,high,WB,TOT,8,395.969,6.742537504
89,O,5,high,WB,WB,8,395.969,6.742537504
90,O,6,high,LMSP,LM,8,205.644,6.647401086
90,O,6,high,LMSP,SP,8,205.576,5.084739055
90,O,6,high,LMSP,TOT,8,411.22,5.762127624
91,P,1,high,LMWB,LM,8,214.132,6.002971602
91,P,1,high,LMWB,TOT,8,369.746,4.892502713
91,P,1,high,LMWB,WB,8,155.614,3.899807032
92,P,2,high,SPWB,SP,8,257.981,5.171203496
92,P,2,high,SPWB,TOT,8,473.051,4.837961116
92,P,2,high,SPWB,WB,8,215.07,4.49082291
93,P,3,high,LMSPWB,LM,8,171.849,6.014594708
93,P,3,high,LMSPWB,SP,8,148.673,3.549976122
93,P,3,high,LMSPWB,TOT,8,419.781,3.516313316
93,P,3,high,LMSPWB,WB,8,99.259,2.028633326
94,P,4,low,LMWB,LM,8,86.578,2.040778804
94,P,4,low,LMWB,TOT,8,138.759,1.369661136
94,P,4,low,LMWB,WB,8,52.181,0.886150972
95,P,5,low,SPWB,SP,8,116.68,1.938850116
95,P,5,low,SPWB,TOT,8,152.4,1.403508772
95,P,5,low,SPWB,WB,8,35.72,0.737940295
96,P,6,low,LMSPWB,LM,8,46.73,1.688649586
96,P,6,low,LMSPWB,SP,8,34.609,1.114837006
96,P,6,low,LMSPWB,TOT,8,118.912,1.017899179
96,P,6,low,LMSPWB,WB,8,37.573,0.646650833
2,A,2,low,LM,LM,10,99.607,2.147906154
2,A,2,low,LM,TOT,10,99.607,2.147906154
3,A,3,low,SP,SP,10,139.811,2.400147637
3,A,3,low,SP,TOT,10,139.811,2.400147637
5,A,5,high,LM,LM,10,446.207,10.08993058
5,A,5,high,LM,TOT,10,446.207,10.08993058
6,A,6,high,SP,SP,10,740.642,10.28455183
6,A,6,high,SP,TOT,10,740.642,10.28455183
7,B,1,high,WB,TOT,10,292.96,12.18534232
7,B,1,high,WB,WB,10,292.96,12.18534232
8,B,2,high,LMSP,LM,10,305.723,11.95070753
8,B,2,high,LMSP,SP,10,358.767,5.711849835
8,B,2,high,LMSP,TOT,10,664.49,7.517450477
9,B,3,high,LMWB,LM,10,245.768,8.203204272
9,B,3,high,LMWB,TOT,10,366.685,7.751178473
9,B,3,high,LMWB,WB,10,120.917,6.97048481
10,B,4,low,WB,TOT,10,51.444,1.242368624
10,B,4,low,WB,WB,10,51.444,1.242368624
11,B,5,low,LMSP,LM,10,73.288,1.946870683
11,B,5,low,LMSP,SP,10,80.459,1.972662858
11,B,5,low,LMSP,TOT,10,153.747,1.960283561
12,B,6,low,LMWB,LM,10,49.859,2.534000813
12,B,6,low,LMWB,TOT,10,90.836,2.146864881
12,B,6,low,LMWB,WB,10,40.977,1.810337972
13,C,1,low,SPWB,SP,10,69.741,1.727887617
13,C,1,low,SPWB,TOT,10,96.697,1.451928708
13,C,1,low,SPWB,WB,10,26.956,1.027404048
14,C,2,low,LMSPWB,LM,10,57.467,1.655060192
14,C,2,low,LMSPWB,SP,10,66.676,1.545285992
14,C,2,low,LMSPWB,TOT,10,151.267,1.493965551
14,C,2,low,LMSPWB,WB,10,27.124,1.160037636
16,C,4,high,SPWB,SP,10,333.935,5.805747766
16,C,4,high,SPWB,TOT,10,498.403,5.532340241
16,C,4,high,SPWB,WB,10,164.468,5.049522581
17,C,5,high,LMSPWB,LM,10,265.266,7.854148161
17,C,5,high,LMSPWB,SP,10,179.734,8.230332448
17,C,5,high,LMSPWB,TOT,10,566.567,6.650471875
17,C,5,high,LMSPWB,WB,10,121.567,4.109770115
19,D,1,high,LM,LM,10,521.473,11.91012699
19,D,1,high,LM,TOT,10,521.473,11.91012699
20,D,2,high,SP,SP,10,350.656,5.688773524
20,D,2,high,SP,TOT,10,350.656,5.688773524
21,D,3,high,WB,TOT,10,374.507,4.888423333
21,D,3,high,WB,WB,10,374.507,4.888423333
22,D,4,low,LM,LM,10,99.625,1.687901327
22,D,4,low,LM,TOT,10,99.625,1.687901327
23,D,5,low,SP,SP,10,108.157,1.458958898
23,D,5,low,SP,TOT,10,108.157,1.458958898
24,D,6,low,WB,TOT,10,68.032,0.916107834
24,D,6,low,WB,WB,10,68.032,0.916107834
25,E,1,low,LMSP,LM,10,62.936,2.070399368
25,E,1,low,LMSP,SP,10,90.406,1.174607299
25,E,1,low,LMSP,TOT,10,153.342,1.428230801
26,E,2,low,LMWB,LM,10,73.865,2.209542327
26,E,2,low,LMWB,TOT,10,115.674,1.560610353
26,E,2,low,LMWB,WB,10,41.809,1.027475363
27,E,3,low,SPWB,SP,10,44.962,1.407349443
27,E,3,low,SPWB,TOT,10,88.151,1.171909067
27,E,3,low,SPWB,WB,10,43.189,0.998081901
28,E,4,high,LMSP,LM,10,359.423,11.07006899
28,E,4,high,LMSP,SP,10,258.442,8.039881786
28,E,4,high,LMSP,TOT,10,617.865,9.562549332
29,E,5,high,LMWB,LM,10,356.263,10.23332567
29,E,5,high,LMWB,TOT,10,513,7.459214238
29,E,5,high,LMWB,WB,10,156.737,4.615341578
30,E,6,high,SPWB,SP,10,224.168,5.614586986
30,E,6,high,SPWB,TOT,10,440.281,4.688678743
30,E,6,high,SPWB,WB,10,216.113,4.003797914
31,F,1,high,LMSPWB,LM,10,269.479,7.447668795
31,F,1,high,LMSPWB,SP,10,271.377,6.944495624
31,F,1,high,LMSPWB,TOT,10,640.764,6.290510691
31,F,1,high,LMSPWB,WB,10,99.908,3.755798654
33,F,3,high,LM,LM,10,528.707,11.12598906
33,F,3,high,LM,TOT,10,528.707,11.12598906
34,F,4,low,LMSPWB,LM,10,57.491,2.114728169
34,F,4,low,LMSPWB,SP,10,58.444,1.726864437
34,F,4,low,LMSPWB,TOT,10,153.807,1.745644599
34,F,4,low,LMSPWB,WB,10,37.872,1.398574541
36,F,6,low,LM,LM,10,113.662,2.116610801
36,F,6,low,LM,TOT,10,113.662,2.116610801
37,G,1,low,SP,SP,10,173.452,1.778247096
37,G,1,low,SP,TOT,10,173.452,1.778247096
38,G,2,low,WB,TOT,10,81.842,1.165325853
38,G,2,low,WB,WB,10,81.842,1.165325853
39,G,3,low,LMSP,LM,10,41.813,1.088341706
39,G,3,low,LMSP,SP,10,67.046,1.509875014
39,G,3,low,LMSP,TOT,10,108.859,1.314341254
40,G,4,high,SP,SP,10,881.448,9.629733214
40,G,4,high,SP,TOT,10,881.448,9.629733214
41,G,5,high,WB,TOT,10,514.448,6.140609707
41,G,5,high,WB,WB,10,514.448,6.140609707
42,G,6,high,LMSP,LM,10,238.128,7.313738137
42,G,6,high,LMSP,SP,10,338.245,4.831726305
42,G,6,high,LMSP,TOT,10,576.373,5.61964237
43,H,1,high,LMWB,LM,10,278.726,9.017048947
43,H,1,high,LMWB,TOT,10,456.967,6.861366366
43,H,1,high,LMWB,WB,10,178.241,4.994283953
44,H,2,high,SPWB,SP,10,287.546,6.529942092
44,H,2,high,SPWB,TOT,10,554.205,7.167679772
44,H,2,high,SPWB,WB,10,266.659,8.01138651
45,H,3,high,LMSPWB,LM,10,208.179,10.68516142
45,H,3,high,LMSPWB,SP,10,119.791,5.24570853
45,H,3,high,LMSPWB,TOT,10,519.356,7.615302277
45,H,3,high,LMSPWB,WB,10,191.386,7.395131376
46,H,4,low,LMWB,LM,10,72.999,2.222868453
46,H,4,low,LMWB,TOT,10,117.985,1.62578716
46,H,4,low,LMWB,WB,10,44.986,1.132264479
47,H,5,low,SPWB,SP,10,67.04,1.37012058
47,H,5,low,SPWB,TOT,10,109.729,1.12429558
47,H,5,low,SPWB,WB,10,42.689,0.877147201
48,H,6,low,LMSPWB,LM,10,38.632,2.460323526
48,H,6,low,LMSPWB,SP,10,43.418,1.114825656
48,H,6,low,LMSPWB,TOT,10,119.761,1.249045702
48,H,6,low,LMSPWB,WB,10,37.711,0.914560799
50,I,2,low,LM,LM,10,133.409,2.557099594
50,I,2,low,LM,TOT,10,133.409,2.557099594
51,I,3,low,SP,SP,10,121.388,1.823820184
51,I,3,low,SP,TOT,10,121.388,1.823820184
53,I,5,high,LM,LM,10,471.341,14.94470338
53,I,5,high,LM,TOT,10,471.341,14.94470338
54,I,6,high,SP,SP,10,652.257,8.238376719
54,I,6,high,SP,TOT,10,652.257,8.238376719
55,J,1,high,WB,TOT,10,410.219,5.203447664
55,J,1,high,WB,WB,10,410.219,5.203447664
56,J,2,high,LMSP,LM,10,147.311,3.532468467
56,J,2,high,LMSP,SP,10,162.674,2.616725916
56,J,2,high,LMSP,TOT,10,309.985,2.984384176
57,J,3,high,LMWB,LM,10,277.171,8.030683201
57,J,3,high,LMWB,TOT,10,472.009,5.327776147
57,J,3,high,LMWB,WB,10,194.838,3.602773669
58,J,4,low,WB,TOT,10,68.624,0.625264232
58,J,4,low,WB,WB,10,68.624,0.625264232
59,J,5,low,LMSP,LM,10,85.814,1.42782982
59,J,5,low,LMSP,SP,10,61.377,1.256695332
59,J,5,low,LMSP,TOT,10,147.191,1.35110748
60,J,6,low,LMWB,LM,10,80.454,2.006834622
60,J,6,low,LMWB,TOT,10,115.62,1.289092551
60,J,6,low,LMWB,WB,10,35.166,0.708977642
61,K,1,low,SPWB,SP,10,69.684,1.138032401
61,K,1,low,SPWB,TOT,10,107.372,0.995051248
61,K,1,low,SPWB,WB,10,37.688,0.807473111
62,K,2,low,LMSPWB,LM,10,58.882,1.982358684
62,K,2,low,LMSPWB,SP,10,47.894,1.441895472
62,K,2,low,LMSPWB,TOT,10,135.569,1.163193163
62,K,2,low,LMSPWB,WB,10,28.793,0.536882342
64,K,4,high,SPWB,SP,10,228.02,3.970329613
64,K,4,high,SPWB,TOT,10,503.815,3.730084106
64,K,4,high,SPWB,WB,10,275.795,3.552365496
65,K,5,high,LMSPWB,LM,10,231.417,5.666707478
65,K,5,high,LMSPWB,SP,10,336.562,5.459326185
65,K,5,high,LMSPWB,TOT,10,690.534,4.245834307
65,K,5,high,LMSPWB,WB,10,122.555,2.037455736
67,L,1,high,LM,LM,10,443.876,7.621235534
67,L,1,high,LM,TOT,10,443.876,7.621235534
68,L,2,high,SP,SP,10,557.775,6.173901975
68,L,2,high,SP,TOT,10,557.775,6.173901975
69,L,3,high,WB,TOT,10,488.132,5.819547438
69,L,3,high,WB,WB,10,488.132,5.819547438
70,L,4,low,LM,LM,10,107.997,2.055989187
70,L,4,low,LM,TOT,10,107.997,2.055989187
71,L,5,low,SP,SP,10,216.268,1.762675947
71,L,5,low,SP,TOT,10,216.268,1.762675947
72,L,6,low,WB,TOT,10,81.835,0.88803403
72,L,6,low,WB,WB,10,81.835,0.88803403
73,M,1,low,LMSP,LM,10,50.802,1.832485662
73,M,1,low,LMSP,SP,10,58.499,1.847025764
73,M,1,low,LMSP,TOT,10,109.301,1.840239077
74,M,2,low,LMWB,LM,10,61.535,2.163221543
74,M,2,low,LMWB,TOT,10,110.534,1.11415295
74,M,2,low,LMWB,WB,10,48.999,0.692438139
75,M,3,low,SPWB,SP,10,90.938,1.4585786
75,M,3,low,SPWB,TOT,10,136.609,1.009891255
75,M,3,low,SPWB,WB,10,45.671,0.626282157
76,M,4,high,LMSP,LM,10,227.001,8.199718249
76,M,4,high,LMSP,SP,10,505.978,7.479902432
76,M,4,high,LMSP,TOT,10,732.979,7.688940406
77,M,5,high,LMWB,LM,10,311.694,8.578340443
77,M,5,high,LMWB,TOT,10,537.955,5.845113272
77,M,5,high,LMWB,WB,10,226.261,4.062136445
78,M,6,high,SPWB,SP,10,309.435,6.096880973
78,M,6,high,SPWB,TOT,10,565.584,4.787647925
78,M,6,high,SPWB,WB,10,256.149,3.801501907
79,N,1,high,LMSPWB,LM,10,223.61,6.574830932
79,N,1,high,LMSPWB,SP,10,264.612,5.243475676
79,N,1,high,LMSPWB,TOT,10,597.619,4.652215882
79,N,1,high,LMSPWB,WB,10,109.397,2.487199891
81,N,3,high,LM,LM,10,517.841,12.10955733
81,N,3,high,LM,TOT,10,517.841,12.10955733
82,N,4,low,LMSPWB,LM,10,49.672,2.22156626
82,N,4,low,LMSPWB,SP,10,56.237,1.199799454
82,N,4,low,LMSPWB,TOT,10,135.909,1.217746199
82,N,4,low,LMSPWB,WB,10,30,0.707947895
84,N,6,low,LM,LM,10,129.315,2.425581003
84,N,6,low,LM,TOT,10,129.315,2.425581003
85,O,1,low,SP,SP,10,78.567,1.669684412
85,O,1,low,SP,TOT,10,78.567,1.669684412
86,O,2,low,WB,TOT,10,62.883,0.852408128
86,O,2,low,WB,WB,10,62.883,0.852408128
87,O,3,low,LMSP,LM,10,72.366,2.919867657
87,O,3,low,LMSP,SP,10,53.52,1.229920717
87,O,3,low,LMSP,TOT,10,125.886,1.843160222
88,O,4,high,SP,SP,10,312.065,4.95294099
88,O,4,high,SP,TOT,10,312.065,4.95294099
89,O,5,high,WB,TOT,10,423.779,7.216084595
89,O,5,high,WB,WB,10,423.779,7.216084595
90,O,6,high,LMSP,LM,10,271.584,8.778898371
90,O,6,high,LMSP,SP,10,234.425,5.798293347
90,O,6,high,LMSP,TOT,10,506.009,7.090337135
91,P,1,high,LMWB,LM,10,272.998,7.653219702
91,P,1,high,LMWB,TOT,10,437.053,5.78311324
91,P,1,high,LMWB,WB,10,164.055,4.111345012
92,P,2,high,SPWB,SP,10,342.124,6.857841565
92,P,2,high,SPWB,TOT,10,583.518,5.967723131
92,P,2,high,SPWB,WB,10,241.394,5.040487774
93,P,3,high,LMSPWB,LM,10,224.923,7.872147557
93,P,3,high,LMSPWB,SP,10,176.201,4.207282713
93,P,3,high,LMSPWB,TOT,10,505.692,4.235950444
93,P,3,high,LMSPWB,WB,10,104.568,2.137137485
94,P,4,low,LMWB,LM,10,88.766,2.092353385
94,P,4,low,LMWB,TOT,10,138.724,1.369315658
94,P,4,low,LMWB,WB,10,49.958,0.848399423
95,P,5,low,SPWB,SP,10,119.549,1.986523762
95,P,5,low,SPWB,TOT,10,145.338,1.338472165
95,P,5,low,SPWB,WB,10,25.789,0.53277554
96,P,6,low,LMSPWB,LM,10,50.307,1.817909153
96,P,6,low,LMSPWB,SP,10,37.601,1.211216338
96,P,6,low,LMSPWB,TOT,10,125.066,1.070578064
96,P,6,low,LMSPWB,WB,10,37.158,0.639508468
