id,plate,well,nutrients,treatment,species,day,rgr
1,A,1,low,Blank,Blank,1,
1,A,1,low,Blank,TOT,1,
2,A,2,low,LM,LM,1,0.025997475
2,A,2,low,LM,TOT,1,0.025997475
3,A,3,low,SP,SP,1,0.139138817
3,A,3,low,SP,TOT,1,0.139138817
4,A,4,high,Blank,Blank,1,
4,A,4,high,Blank,TOT,1,
5,A,5,high,LM,LM,1,0.141682527
5,A,5,high,LM,TOT,1,0.141682527
6,A,6,high,SP,SP,1,0.188014109
6,A,6,high,SP,TOT,1,0.188014109
7,B,1,high,WB,WB,1,0.404035008
7,B,1,high,WB,TOT,1,0.404035008
8,B,2,high,LMSP,LM,1,0.336335403
8,B,2,high,LMSP,SP,1,0.135223715
8,B,2,high,LMSP,TOT,1,0.202183567
9,B,3,high,LMWB,LM,1,0.294273324
9,B,3,high,LMWB,WB,1,0.640585405
9,B,3,high,LMWB,TOT,1,0.450328862
10,B,4,low,WB,WB,1,0.216625203
10,B,4,low,WB,TOT,1,0.216625203
11,B,5,low,LMSP,LM,1,0.144269208
11,B,5,low,LMSP,SP,1,0.169994788
11,B,5,low,LMSP,TOT,1,0.157812508
12,B,6,low,LMWB,LM,1,0.184128165
12,B,6,low,LMWB,WB,1,0.483667854
12,B,6,low,LMWB,TOT,1,0.366070988
13,C,1,low,SPWB,SP,1,0.230317448
13,C,1,low,SPWB,WB,1,0.345858439
13,C,1,low,SPWB,TOT,1,0.279068383
14,C,2,low,LMSPWB,LM,1,0.130787636
14,C,2,low,LMSPWB,SP,1,0.111172989
14,C,2,low,LMSPWB,WB,1,0.262255688
14,C,2,low,LMSPWB,TOT,1,0.156636154
15,C,3,low,Blank,Blank,1,
15,C,3,low,Blank,TOT,1,
16,C,4,high,SPWB,SP,1,0.182171098
16,C,4,high,SPWB,WB,1,0.301755758
16,C,4,high,SPWB,TOT,1,0.228773471
17,C,5,high,LMSPWB,LM,1,0.264932552
17,C,5,high,LMSPWB,SP,1,0.213887229
17,C,5,high,LMSPWB,WB,1,0.302689739
17,C,5,high,LMSPWB,TOT,1,0.266109618
18,C,6,high,Blank,Blank,1,
18,C,6,high,Blank,TOT,1,
19,D,1,high,LM,LM,1,0.219604655
19,D,1,high,LM,TOT,1,0.219604655
20,D,2,high,SP,SP,1,0.081151569
20,D,2,high,SP,TOT,1,0.081151569
21,D,3,high,WB,WB,1,0.207709163
21,D,3,high,WB,TOT,1,0.207709163
22,D,4,low,LM,LM,1,0.090676269
22,D,4,low,LM,TOT,1,0.090676269
23,D,5,low,SP,SP,1,0.033606702
23,D,5,low,SP,TOT,1,0.033606702
24,D,6,low,WB,WB,1,0.152987694
24,D,6,low,WB,TOT,1,0.152987694
25,E,1,low,LMSP,LM,1,0.103740518
25,E,1,low,LMSP,SP,1,0.057278561
25,E,1,low,LMSP,TOT,1,0.070877186
26,E,2,low,LMWB,LM,1,0.133958642
26,E,2,low,LMWB,WB,1,0.170823877
26,E,2,low,LMWB,TOT,1,0.154532562
27,E,3,low,SPWB,SP,1,0.092260316
27,E,3,low,SPWB,WB,1,0.142217841
27,E,3,low,SPWB,TOT,1,0.121606015
28,E,4,high,LMSP,LM,1,0.290197448
28,E,4,high,LMSP,SP,1,0.146749036
28,E,4,high,LMSP,TOT,1,0.22395604
29,E,5,high,LMWB,LM,1,0.274382543
29,E,5,high,LMWB,WB,1,0.19846429
29,E,5,high,LMWB,TOT,1,0.238333162
30,E,6,high,SPWB,SP,1,0.111656926
30,E,6,high,SPWB,WB,1,0.174745297
30,E,6,high,SPWB,TOT,1,0.148887209
31,F,1,high,LMSPWB,LM,1,0.176340842
31,F,1,high,LMSPWB,SP,1,0.197450301
31,F,1,high,LMSPWB,WB,1,0.270935664
31,F,1,high,LMSPWB,TOT,1,0.210605812
32,F,2,high,Blank,Blank,1,
32,F,2,high,Blank,TOT,1,
33,F,3,high,LM,LM,1,0.206868042
33,F,3,high,LM,TOT,1,0.206868042
34,F,4,low,LMSPWB,LM,1,0.040538886
34,F,4,low,LMSPWB,SP,1,0.070502364
34,F,4,low,LMSPWB,WB,1,0.254773532
34,F,4,low,LMSPWB,TOT,1,0.126724196
35,F,5,low,Blank,Blank,1,
35,F,5,low,Blank,TOT,1,
36,F,6,low,LM,LM,1,0.106706468
36,F,6,low,LM,TOT,1,0.106706468
37,G,1,low,SP,SP,1,0.157176441
37,G,1,low,SP,TOT,1,0.157176441
38,G,2,low,WB,WB,1,0.163374443
38,G,2,low,WB,TOT,1,0.163374443
39,G,3,low,LMSP,LM,1,0.094513732
39,G,3,low,LMSP,SP,1,0.094173117
39,G,3,low,LMSP,TOT,1,0.094331145
40,G,4,high,SP,SP,1,0.277155484
40,G,4,high,SP,TOT,1,0.277155484
41,G,5,high,WB,WB,1,0.190704448
41,G,5,high,WB,TOT,1,0.190704448
42,G,6,high,LMSP,LM,1,0.299912628
42,G,6,high,LMSP,SP,1,0.235425712
42,G,6,high,LMSP,TOT,1,0.256811929
43,H,1,high,LMWB,LM,1,0.214556106
43,H,1,high,LMWB,WB,1,0.176890959
43,H,1,high,LMWB,TOT,1,0.194725845
44,H,2,high,SPWB,SP,1,0.100822326
44,H,2,high,SPWB,WB,1,0.183661289
44,H,2,high,SPWB,TOT,1,0.138176635
45,H,3,high,LMSPWB,LM,1,0.196093174
45,H,3,high,LMSPWB,SP,1,0.076192495
45,H,3,high,LMSPWB,WB,1,0.221167472
45,H,3,high,LMSPWB,TOT,1,0.16945689
46,H,4,low,LMWB,LM,1,0.073416606
46,H,4,low,LMWB,WB,1,0.106535294
46,H,4,low,LMWB,TOT,1,0.091819469
47,H,5,low,SPWB,SP,1,0.097944041
47,H,5,low,SPWB,WB,1,0.080460047
47,H,5,low,SPWB,TOT,1,0.089301927
48,H,6,low,LMSPWB,LM,1,0.173939766
48,H,6,low,LMSPWB,SP,1,0.053599917
48,H,6,low,LMSPWB,WB,1,0.206477528
48,H,6,low,LMSPWB,TOT,1,0.144080857
49,I,1,low,Blank,Blank,1,
49,I,1,low,Blank,TOT,1,
50,I,2,low,LM,LM,1,0.18357996
50,I,2,low,LM,TOT,1,0.18357996
51,I,3,low,SP,SP,1,0.109908782
51,I,3,low,SP,TOT,1,0.109908782
52,I,4,high,Blank,Blank,1,
52,I,4,high,Blank,TOT,1,
53,I,5,high,LM,LM,1,0.259467477
53,I,5,high,LM,TOT,1,0.259467477
54,I,6,high,SP,SP,1,0.123462404
54,I,6,high,SP,TOT,1,0.123462404
55,J,1,high,WB,WB,1,0.033529784
55,J,1,high,WB,TOT,1,0.033529784
56,J,2,high,LMSP,LM,1,0.162085339
56,J,2,high,LMSP,SP,1,0.086329224
56,J,2,high,LMSP,TOT,1,0.11813586
57,J,3,high,LMWB,LM,1,0.238076237
57,J,3,high,LMWB,WB,1,-0.007930536
57,J,3,high,LMWB,TOT,1,0.102686834
58,J,4,low,WB,WB,1,-0.047347218
58,J,4,low,WB,TOT,1,-0.047347218
59,J,5,low,LMSP,LM,1,0.043385737
59,J,5,low,LMSP,SP,1,0.109141637
59,J,5,low,LMSP,TOT,1,0.073938665
60,J,6,low,LMWB,LM,1,0.090963267
60,J,6,low,LMWB,WB,1,-0.098854598
60,J,6,low,LMWB,TOT,1,-0.005036937
61,K,1,low,SPWB,SP,1,-0.034154178
61,K,1,low,SPWB,WB,1,-0.021472671
61,K,1,low,SPWB,TOT,1,-0.028629362
62,K,2,low,LMSPWB,LM,1,0.023220984
62,K,2,low,LMSPWB,SP,1,0.019065257
62,K,2,low,LMSPWB,WB,1,-0.179671126
62,K,2,low,LMSPWB,TOT,1,-0.061485667
63,K,3,low,Blank,Blank,1,
63,K,3,low,Blank,TOT,1,
64,K,4,high,SPWB,SP,1,0.062255242
64,K,4,high,SPWB,WB,1,-0.051931605
64,K,4,high,SPWB,TOT,1,-0.000162907
65,K,5,high,LMSPWB,LM,1,0.154725544
65,K,5,high,LMSPWB,SP,1,0.155987707
65,K,5,high,LMSPWB,WB,1,-0.130318388
65,K,5,high,LMSPWB,TOT,1,0.067698264
66,K,6,high,Blank,Blank,1,
66,K,6,high,Blank,TOT,1,
67,L,1,high,LM,LM,1,0.161620209
67,L,1,high,LM,TOT,1,0.161620209
68,L,2,high,SP,SP,1,0.141579276
68,L,2,high,SP,TOT,1,0.141579276
69,L,3,high,WB,WB,1,0.036582416
69,L,3,high,WB,TOT,1,0.036582416
70,L,4,low,LM,LM,1,0.1059509
70,L,4,low,LM,TOT,1,0.1059509
71,L,5,low,SP,SP,1,0.113263384
71,L,5,low,SP,TOT,1,0.113263384
72,L,6,low,WB,WB,1,-0.01668835
72,L,6,low,WB,TOT,1,-0.01668835
73,M,1,low,LMSP,LM,1,0.178662007
73,M,1,low,LMSP,SP,1,0.119763957
73,M,1,low,LMSP,TOT,1,0.148120173
74,M,2,low,LMWB,LM,1,0.152479854
74,M,2,low,LMWB,WB,1,0.054625229
74,M,2,low,LMWB,TOT,1,0.084694153
75,M,3,low,SPWB,SP,1,0.095059122
75,M,3,low,SPWB,WB,1,-0.043288822
75,M,3,low,SPWB,TOT,1,0.025251358
76,M,4,high,LMSP,LM,1,0.213453376
76,M,4,high,LMSP,SP,1,0.21490005
76,M,4,high,LMSP,TOT,1,0.21448036
77,M,5,high,LMWB,LM,1,0.283207035
77,M,5,high,LMWB,WB,1,0.229263219
77,M,5,high,LMWB,TOT,1,0.251260232
78,M,6,high,SPWB,SP,1,0.184537907
78,M,6,high,SPWB,WB,1,0.086219128
78,M,6,high,SPWB,TOT,1,0.130846025
79,N,1,high,LMSPWB,LM,1,0.184446718
79,N,1,high,LMSPWB,SP,1,0.098569535
79,N,1,high,LMSPWB,WB,1,0.015721927
79,N,1,high,LMSPWB,TOT,1,0.097232072
80,N,2,high,Blank,Blank,1,
80,N,2,high,Blank,TOT,1,
81,N,3,high,LM,LM,1,0.189226386
81,N,3,high,LM,TOT,1,0.189226386
82,N,4,low,LMSPWB,LM,1,0.12579137
82,N,4,low,LMSPWB,SP,1,0.027447781
82,N,4,low,LMSPWB,WB,1,-0.048507714
82,N,4,low,LMSPWB,TOT,1,0.022439902
83,N,5,low,Blank,Blank,1,
83,N,5,low,Blank,TOT,1,
84,N,6,low,LM,LM,1,0.094474479
84,N,6,low,LM,TOT,1,0.094474479
85,O,1,low,SP,SP,1,0.045161464
85,O,1,low,SP,TOT,1,0.045161464
86,O,2,low,WB,WB,1,0.040048985
86,O,2,low,WB,TOT,1,0.040048985
87,O,3,low,LMSP,LM,1,0.176176174
87,O,3,low,LMSP,SP,1,0.037487967
87,O,3,low,LMSP,TOT,1,0.092362377
88,O,4,high,SP,SP,1,0.055396417
88,O,4,high,SP,TOT,1,0.055396417
89,O,5,high,WB,WB,1,0.217918394
89,O,5,high,WB,TOT,1,0.217918394
90,O,6,high,LMSP,LM,1,0.243955939
90,O,6,high,LMSP,SP,1,0.119604846
90,O,6,high,LMSP,TOT,1,0.177338801
91,P,1,high,LMWB,LM,1,0.273729778
91,P,1,high,LMWB,WB,1,0.220244654
91,P,1,high,LMWB,TOT,1,0.246203691
92,P,2,high,SPWB,SP,1,0.126796248
92,P,2,high,SPWB,WB,1,0.220069243
92,P,2,high,SPWB,TOT,1,0.174653926
93,P,3,high,LMSPWB,LM,1,0.359460813
93,P,3,high,LMSPWB,SP,1,0.149406296
93,P,3,high,LMSPWB,WB,1,0.085053612
93,P,3,high,LMSPWB,TOT,1,0.185783367
94,P,4,low,LMWB,LM,1,0.16367278
94,P,4,low,LMWB,WB,1,0.080461512
94,P,4,low,LMWB,TOT,1,0.117005625
95,P,5,low,SPWB,SP,1,0.153150637
95,P,5,low,SPWB,WB,1,0.155797945
95,P,5,low,SPWB,TOT,1,0.154332485
96,P,6,low,LMSPWB,LM,1,0.134010816
96,P,6,low,LMSPWB,SP,1,0.050234199
96,P,6,low,LMSPWB,WB,1,-0.033091452
96,P,6,low,LMSPWB,TOT,1,0.03338324
1,A,1,low,Blank,Blank,3,
1,A,1,low,Blank,TOT,3,
2,A,2,low,LM,LM,3,0.139624139
2,A,2,low,LM,TOT,3,0.139624139
3,A,3,low,SP,SP,3,0.136055662
3,A,3,low,SP,TOT,3,0.136055662
4,A,4,high,Blank,Blank,3,
4,A,4,high,Blank,TOT,3,
5,A,5,high,LM,LM,3,0.352032525
5,A,5,high,LM,TOT,3,0.352032525
6,A,6,high,SP,SP,3,0.368086824
6,A,6,high,SP,TOT,3,0.368086824
7,B,1,high,WB,WB,3,0.359218242
7,B,1,high,WB,TOT,3,0.359218242
8,B,2,high,LMSP,LM,3,0.325456387
8,B,2,high,LMSP,SP,3,0.264180562
8,B,2,high,LMSP,TOT,3,0.288263584
9,B,3,high,LMWB,LM,3,0.296008382
9,B,3,high,LMWB,WB,3,0.246444541
9,B,3,high,LMWB,TOT,3,0.270030462
10,B,4,low,WB,WB,3,0.081713363
10,B,4,low,WB,TOT,3,0.081713363
11,B,5,low,LMSP,LM,3,0.090463567
11,B,5,low,LMSP,SP,3,0.075866014
11,B,5,low,LMSP,TOT,3,0.082738148
12,B,6,low,LMWB,LM,3,0.149210192
12,B,6,low,LMWB,WB,3,-0.001985432
12,B,6,low,LMWB,TOT,3,0.052043964
13,C,1,low,SPWB,SP,3,0.028362502
13,C,1,low,SPWB,WB,3,-0.135254089
13,C,1,low,SPWB,TOT,3,-0.038780157
14,C,2,low,LMSPWB,LM,3,0.097115176
14,C,2,low,LMSPWB,SP,3,0.040440821
14,C,2,low,LMSPWB,WB,3,-0.038365111
14,C,2,low,LMSPWB,TOT,3,0.039184788
15,C,3,low,Blank,Blank,3,
15,C,3,low,Blank,TOT,3,
16,C,4,high,SPWB,SP,3,0.229889781
16,C,4,high,SPWB,WB,3,0.259982427
16,C,4,high,SPWB,TOT,3,0.24270041
17,C,5,high,LMSPWB,LM,3,0.237510891
17,C,5,high,LMSPWB,SP,3,0.283817838
17,C,5,high,LMSPWB,WB,3,0.204246557
17,C,5,high,LMSPWB,TOT,3,0.236691824
18,C,6,high,Blank,Blank,3,
18,C,6,high,Blank,TOT,3,
19,D,1,high,LM,LM,3,0.319184504
19,D,1,high,LM,TOT,3,0.319184504
20,D,2,high,SP,SP,3,0.068924761
20,D,2,high,SP,TOT,3,0.068924761
21,D,3,high,WB,WB,3,0.227726417
21,D,3,high,WB,TOT,3,0.227726417
22,D,4,low,LM,LM,3,0.07069845
22,D,4,low,LM,TOT,3,0.07069845
23,D,5,low,SP,SP,3,0.048178231
23,D,5,low,SP,TOT,3,0.048178231
24,D,6,low,WB,WB,3,-0.154849441
24,D,6,low,WB,TOT,3,-0.154849441
25,E,1,low,LMSP,LM,3,0.16861978
25,E,1,low,LMSP,SP,3,0.052002581
25,E,1,low,LMSP,TOT,3,0.090216193
26,E,2,low,LMWB,LM,3,0.116750692
26,E,2,low,LMWB,WB,3,-0.051921181
26,E,2,low,LMWB,TOT,3,0.028143769
27,E,3,low,SPWB,SP,3,0.030111712
27,E,3,low,SPWB,WB,3,-0.042289178
27,E,3,low,SPWB,TOT,3,-0.012021699
28,E,4,high,LMSP,LM,3,0.333873137
28,E,4,high,LMSP,SP,3,0.363069508
28,E,4,high,LMSP,TOT,3,0.346529088
29,E,5,high,LMWB,LM,3,0.312741611
29,E,5,high,LMWB,WB,3,0.309179856
29,E,5,high,LMWB,TOT,3,0.311120788
30,E,6,high,SPWB,SP,3,0.23546738
30,E,6,high,SPWB,WB,3,0.291418501
30,E,6,high,SPWB,TOT,3,0.270077744
31,F,1,high,LMSPWB,LM,3,0.36148479
31,F,1,high,LMSPWB,SP,3,0.314291111
31,F,1,high,LMSPWB,WB,3,0.232262435
31,F,1,high,LMSPWB,TOT,3,0.308382192
32,F,2,high,Blank,Blank,3,
32,F,2,high,Blank,TOT,3,
33,F,3,high,LM,LM,3,0.423719487
33,F,3,high,LM,TOT,3,0.423719487
34,F,4,low,LMSPWB,LM,3,0.204797344
34,F,4,low,LMSPWB,SP,3,0.101061505
34,F,4,low,LMSPWB,WB,3,0.046732523
34,F,4,low,LMSPWB,TOT,3,0.110470365
35,F,5,low,Blank,Blank,3,
35,F,5,low,Blank,TOT,3,
36,F,6,low,LM,LM,3,0.197999175
36,F,6,low,LM,TOT,3,0.197999175
37,G,1,low,SP,SP,3,0.076864598
37,G,1,low,SP,TOT,3,0.076864598
38,G,2,low,WB,WB,3,0.03498436
38,G,2,low,WB,TOT,3,0.03498436
39,G,3,low,LMSP,LM,3,0.069244031
39,G,3,low,LMSP,SP,3,0.051491523
39,G,3,low,LMSP,TOT,3,0.059807708
40,G,4,high,SP,SP,3,0.337560515
40,G,4,high,SP,TOT,3,0.337560515
41,G,5,high,WB,WB,3,0.323660862
41,G,5,high,WB,TOT,3,0.323660862
42,G,6,high,LMSP,LM,3,0.234666633
42,G,6,high,LMSP,SP,3,0.051225462
42,G,6,high,LMSP,TOT,3,0.122569472
43,H,1,high,LMWB,LM,3,0.321611585
43,H,1,high,LMWB,WB,3,0.38303781
43,H,1,high,LMWB,TOT,3,0.354314964
44,H,2,high,SPWB,SP,3,0.22636704
44,H,2,high,SPWB,WB,3,0.324163006
44,H,2,high,SPWB,TOT,3,0.274864289
45,H,3,high,LMSPWB,LM,3,0.378540434
45,H,3,high,LMSPWB,SP,3,0.212887549
45,H,3,high,LMSPWB,WB,3,0.31099466
45,H,3,high,LMSPWB,TOT,3,0.308024108
46,H,4,low,LMWB,LM,3,0.143407026
46,H,4,low,LMWB,WB,3,0.008840154
46,H,4,low,LMWB,TOT,3,0.072025349
47,H,5,low,SPWB,SP,3,0.008710935
47,H,5,low,SPWB,WB,3,0.051926607
47,H,5,low,SPWB,TOT,3,0.030349867
48,H,6,low,LMSPWB,LM,3,0.153815097
48,H,6,low,LMSPWB,SP,3,-0.063401102
48,H,6,low,LMSPWB,WB,3,-0.072488213
48,H,6,low,LMSPWB,TOT,3,-0.022237964
49,I,1,low,Blank,Blank,3,
49,I,1,low,Blank,TOT,3,
50,I,2,low,LM,LM,3,0.131610394
50,I,2,low,LM,TOT,3,0.131610394
51,I,3,low,SP,SP,3,0.103905978
51,I,3,low,SP,TOT,3,0.103905978
52,I,4,high,Blank,Blank,3,
52,I,4,high,Blank,TOT,3,
53,I,5,high,LM,LM,3,0.327391786
53,I,5,high,LM,TOT,3,0.327391786
54,I,6,high,SP,SP,3,0.28750937
54,I,6,high,SP,TOT,3,0.28750937
55,J,1,high,WB,WB,3,0.292166434
55,J,1,high,WB,TOT,3,0.292166434
56,J,2,high,LMSP,LM,3,0.132396481
56,J,2,high,LMSP,SP,3,0.154995346
56,J,2,high,LMSP,TOT,3,0.145214081
57,J,3,high,LMWB,LM,3,0.234028999
57,J,3,high,LMWB,WB,3,0.33345902
57,J,3,high,LMWB,TOT,3,0.285147324
58,J,4,low,WB,WB,3,-0.112535533
58,J,4,low,WB,TOT,3,-0.112535533
59,J,5,low,LMSP,LM,3,0.046044402
59,J,5,low,LMSP,SP,3,-0.015878066
59,J,5,low,LMSP,TOT,3,0.017213699
60,J,6,low,LMWB,LM,3,0.108273265
60,J,6,low,LMWB,WB,3,0.085720136
60,J,6,low,LMWB,TOT,3,0.098060834
61,K,1,low,SPWB,SP,3,0.041940441
61,K,1,low,SPWB,WB,3,0.048810653
61,K,1,low,SPWB,TOT,3,0.044966574
62,K,2,low,LMSPWB,LM,3,0.159026688
62,K,2,low,LMSPWB,SP,3,0.044686421
62,K,2,low,LMSPWB,WB,3,0.048309025
62,K,2,low,LMSPWB,TOT,3,0.083265371
63,K,3,low,Blank,Blank,3,
63,K,3,low,Blank,TOT,3,
64,K,4,high,SPWB,SP,3,0.149539006
64,K,4,high,SPWB,WB,3,0.35559809
64,K,4,high,SPWB,TOT,3,0.266806619
65,K,5,high,LMSPWB,LM,3,0.248757636
65,K,5,high,LMSPWB,SP,3,0.229539889
65,K,5,high,LMSPWB,WB,3,0.310369433
65,K,5,high,LMSPWB,TOT,3,0.256491023
66,K,6,high,Blank,Blank,3,
66,K,6,high,Blank,TOT,3,
67,L,1,high,LM,LM,3,0.307918682
67,L,1,high,LM,TOT,3,0.307918682
68,L,2,high,SP,SP,3,0.233312875
68,L,2,high,SP,TOT,3,0.233312875
69,L,3,high,WB,WB,3,0.375955214
69,L,3,high,WB,TOT,3,0.375955214
70,L,4,low,LM,LM,3,0.125936942
70,L,4,low,LM,TOT,3,0.125936942
71,L,5,low,SP,SP,3,0.082722854
71,L,5,low,SP,TOT,3,0.082722854
72,L,6,low,WB,WB,3,0.16044935
72,L,6,low,WB,TOT,3,0.16044935
73,M,1,low,LMSP,LM,3,0.124843476
73,M,1,low,LMSP,SP,3,0.058775545
73,M,1,low,LMSP,TOT,3,0.092646329
74,M,2,low,LMWB,LM,3,0.122681208
74,M,2,low,LMWB,WB,3,0.036537905
74,M,2,low,LMWB,TOT,3,0.066491202
75,M,3,low,SPWB,SP,3,0.07105992
75,M,3,low,SPWB,WB,3,0.148623626
75,M,3,low,SPWB,TOT,3,0.109019553
76,M,4,high,LMSP,LM,3,0.347215473
76,M,4,high,LMSP,SP,3,0.303460792
76,M,4,high,LMSP,TOT,3,0.316540096
77,M,5,high,LMWB,LM,3,0.274021878
77,M,5,high,LMWB,WB,3,0.259494716
77,M,5,high,LMWB,TOT,3,0.265659895
78,M,6,high,SPWB,SP,3,0.261673766
78,M,6,high,SPWB,WB,3,0.398760237
78,M,6,high,SPWB,TOT,3,0.337844738
79,N,1,high,LMSPWB,LM,3,0.308281717
79,N,1,high,LMSPWB,SP,3,0.274050077
79,N,1,high,LMSPWB,WB,3,0.30048855
79,N,1,high,LMSPWB,TOT,3,0.292761244
80,N,2,high,Blank,Blank,3,
80,N,2,high,Blank,TOT,3,
81,N,3,high,LM,LM,3,0.41619161
81,N,3,high,LM,TOT,3,0.41619161
82,N,4,low,LMSPWB,LM,3,0.105191473
82,N,4,low,LMSPWB,SP,3,0.035099904
82,N,4,low,LMSPWB,WB,3,-0.010364631
82,N,4,low,LMSPWB,TOT,3,0.039299246
83,N,5,low,Blank,Blank,3,
83,N,5,low,Blank,TOT,3,
84,N,6,low,LM,LM,3,0.19287689
84,N,6,low,LM,TOT,3,0.19287689
85,O,1,low,SP,SP,3,0.067541748
85,O,1,low,SP,TOT,3,0.067541748
86,O,2,low,WB,WB,3,0.011826787
86,O,2,low,WB,TOT,3,0.011826787
87,O,3,low,LMSP,LM,3,0.117109318
87,O,3,low,LMSP,SP,3,0.056089498
87,O,3,low,LMSP,TOT,3,0.083189859
88,O,4,high,SP,SP,3,0.163755111
88,O,4,high,SP,TOT,3,0.163755111
89,O,5,high,WB,WB,3,0.247672075
89,O,5,high,WB,TOT,3,0.247672075
90,O,6,high,LMSP,LM,3,0.296518022
90,O,6,high,LMSP,SP,3,0.325200648
90,O,6,high,LMSP,TOT,3,0.311200799
91,P,1,high,LMWB,LM,3,0.252175502
91,P,1,high,LMWB,WB,3,0.212951981
91,P,1,high,LMWB,TOT,3,0.232897854
92,P,2,high,SPWB,SP,3,0.270789591
92,P,2,high,SPWB,WB,3,0.201545648
92,P,2,high,SPWB,TOT,3,0.234845381
93,P,3,high,LMSPWB,LM,3,0.196307429
93,P,3,high,LMSPWB,SP,3,0.152559846
93,P,3,high,LMSPWB,WB,3,0.203909289
93,P,3,high,LMSPWB,TOT,3,0.185085375
94,P,4,low,LMWB,LM,3,0.071812018
94,P,4,low,LMWB,WB,3,-0.093232555
94,P,4,low,LMWB,TOT,3,-0.010562272
95,P,5,low,SPWB,SP,3,0.04887243
95,P,5,low,SPWB,WB,3,-0.174809961
95,P,5,low,SPWB,TOT,3,-0.03905481
96,P,6,low,LMSPWB,LM,3,0.072949827
96,P,6,low,LMSPWB,SP,3,0.044366806
96,P,6,low,LMSPWB,WB,3,-0.044962977
96,P,6,low,LMSPWB,TOT,3,0.016503772
1,A,1,low,Blank,Blank,5,
1,A,1,low,Blank,TOT,5,
2,A,2,low,LM,LM,5,0.092385053
2,A,2,low,LM,TOT,5,0.092385053
3,A,3,low,SP,SP,5,0.049055874
3,A,3,low,SP,TOT,5,0.049055874
4,A,4,high,Blank,Blank,5,
4,A,4,high,Blank,TOT,5,
5,A,5,high,LM,LM,5,0.30424243
5,A,5,high,LM,TOT,5,0.30424243
6,A,6,high,SP,SP,5,0.264981355
6,A,6,high,SP,TOT,5,0.264981355
7,B,1,high,WB,WB,5,0.274085806
7,B,1,high,WB,TOT,5,0.274085806
8,B,2,high,LMSP,LM,5,0.25209618
8,B,2,high,LMSP,SP,5,0.247511689
8,B,2,high,LMSP,TOT,5,0.249385881
9,B,3,high,LMWB,LM,5,0.213491763
9,B,3,high,LMWB,WB,5,0.146495192
9,B,3,high,LMWB,TOT,5,0.180327381
10,B,4,low,WB,WB,5,-0.080720019
10,B,4,low,WB,TOT,5,-0.080720019
11,B,5,low,LMSP,LM,5,0.056243233
11,B,5,low,LMSP,SP,5,0.065560953
11,B,5,low,LMSP,TOT,5,0.061162166
12,B,6,low,LMWB,LM,5,0.090368654
12,B,6,low,LMWB,WB,5,-0.039084442
12,B,6,low,LMWB,TOT,5,0.015786806
13,C,1,low,SPWB,SP,5,0.076871702
13,C,1,low,SPWB,WB,5,0.018379864
13,C,1,low,SPWB,TOT,5,0.055946996
14,C,2,low,LMSPWB,LM,5,-0.003205315
14,C,2,low,LMSPWB,SP,5,0.117390741
14,C,2,low,LMSPWB,WB,5,0.079993138
14,C,2,low,LMSPWB,TOT,5,0.066946747
15,C,3,low,Blank,Blank,5,
15,C,3,low,Blank,TOT,5,
16,C,4,high,SPWB,SP,5,0.264272795
16,C,4,high,SPWB,WB,5,0.32677792
16,C,4,high,SPWB,TOT,5,0.292306101
17,C,5,high,LMSPWB,LM,5,0.259494441
17,C,5,high,LMSPWB,SP,5,0.299962848
17,C,5,high,LMSPWB,WB,5,0.296499744
17,C,5,high,LMSPWB,TOT,5,0.28307209
18,C,6,high,Blank,Blank,5,
18,C,6,high,Blank,TOT,5,
19,D,1,high,LM,LM,5,0.357663136
19,D,1,high,LM,TOT,5,0.357663136
20,D,2,high,SP,SP,5,0.256321644
20,D,2,high,SP,TOT,5,0.256321644
21,D,3,high,WB,WB,5,0.312331839
21,D,3,high,WB,TOT,5,0.312331839
22,D,4,low,LM,LM,5,0.112471513
22,D,4,low,LM,TOT,5,0.112471513
23,D,5,low,SP,SP,5,0.056711178
23,D,5,low,SP,TOT,5,0.056711178
24,D,6,low,WB,WB,5,0.165149775
24,D,6,low,WB,TOT,5,0.165149775
25,E,1,low,LMSP,LM,5,0.04509874
25,E,1,low,LMSP,SP,5,0.06872946
25,E,1,low,LMSP,TOT,5,0.060498473
26,E,2,low,LMWB,LM,5,0.047049431
26,E,2,low,LMWB,WB,5,-0.053331871
26,E,2,low,LMWB,TOT,5,0.001047493
27,E,3,low,SPWB,SP,5,0.000220502
27,E,3,low,SPWB,WB,5,-0.089669957
27,E,3,low,SPWB,TOT,5,-0.04850256
28,E,4,high,LMSP,LM,5,0.275374291
28,E,4,high,LMSP,SP,5,0.287453726
28,E,4,high,LMSP,TOT,5,0.280733158
29,E,5,high,LMWB,LM,5,0.234991273
29,E,5,high,LMWB,WB,5,0.210938176
29,E,5,high,LMWB,TOT,5,0.22421004
30,E,6,high,SPWB,SP,5,0.197733078
30,E,6,high,SPWB,WB,5,0.119102078
30,E,6,high,SPWB,TOT,5,0.149517264
31,F,1,high,LMSPWB,LM,5,0.231389086
31,F,1,high,LMSPWB,SP,5,0.246536241
31,F,1,high,LMSPWB,WB,5,0.222427113
31,F,1,high,LMSPWB,TOT,5,0.234944007
32,F,2,high,Blank,Blank,5,
32,F,2,high,Blank,TOT,5,
33,F,3,high,LM,LM,5,0.244422126
33,F,3,high,LM,TOT,5,0.244422126
34,F,4,low,LMSPWB,LM,5,0.078896099
34,F,4,low,LMSPWB,SP,5,0.100930597
34,F,4,low,LMSPWB,WB,5,0.062201077
34,F,4,low,LMSPWB,TOT,5,0.080742403
35,F,5,low,Blank,Blank,5,
35,F,5,low,Blank,TOT,5,
36,F,6,low,LM,LM,5,0.042212335
36,F,6,low,LM,TOT,5,0.042212335
37,G,1,low,SP,SP,5,0.032063381
37,G,1,low,SP,TOT,5,0.032063381
38,G,2,low,WB,WB,5,-0.088177234
38,G,2,low,WB,TOT,5,-0.088177234
39,G,3,low,LMSP,LM,5,0.030571011
39,G,3,low,LMSP,SP,5,0.014667553
39,G,3,low,LMSP,TOT,5,0.02225095
40,G,4,high,SP,SP,5,0.267911641
40,G,4,high,SP,TOT,5,0.267911641
41,G,5,high,WB,WB,5,0.166596828
41,G,5,high,WB,TOT,5,0.166596828
42,G,6,high,LMSP,LM,5,0.196981321
42,G,6,high,LMSP,SP,5,0.226400471
42,G,6,high,LMSP,TOT,5,0.213874131
43,H,1,high,LMWB,LM,5,0.240569052
43,H,1,high,LMWB,WB,5,0.161925248
43,H,1,high,LMWB,TOT,5,0.199036627
44,H,2,high,SPWB,SP,5,0.216980919
44,H,2,high,SPWB,WB,5,0.232756014
44,H,2,high,SPWB,TOT,5,0.225251362
45,H,3,high,LMSPWB,LM,5,0.229037184
45,H,3,high,LMSPWB,SP,5,0.234398112
45,H,3,high,LMSPWB,WB,5,0.169642279
45,H,3,high,LMSPWB,TOT,5,0.206046978
46,H,4,low,LMWB,LM,5,0.058114619
46,H,4,low,LMWB,WB,5,-0.028810238
46,H,4,low,LMWB,TOT,5,0.016807772
47,H,5,low,SPWB,SP,5,0.017298496
47,H,5,low,SPWB,WB,5,-0.079619077
47,H,5,low,SPWB,TOT,5,-0.029930102
48,H,6,low,LMSPWB,LM,5,-0.061232162
48,H,6,low,LMSPWB,SP,5,0.112163204
48,H,6,low,LMSPWB,WB,5,-0.072370183
48,H,6,low,LMSPWB,TOT,5,-0.004705743
49,I,1,low,Blank,Blank,5,
49,I,1,low,Blank,TOT,5,
50,I,2,low,LM,LM,5,0.103942121
50,I,2,low,LM,TOT,5,0.103942121
51,I,3,low,SP,SP,5,0.036599973
51,I,3,low,SP,TOT,5,0.036599973
52,I,4,high,Blank,Blank,5,
52,I,4,high,Blank,TOT,5,
53,I,5,high,LM,LM,5,0.322242844
53,I,5,high,LM,TOT,5,0.322242844
54,I,6,high,SP,SP,5,0.303802763
54,I,6,high,SP,TOT,5,0.303802763
55,J,1,high,WB,WB,5,0.314542331
55,J,1,high,WB,TOT,5,0.314542331
56,J,2,high,LMSP,LM,5,0.190901825
56,J,2,high,LMSP,SP,5,0.191114459
56,J,2,high,LMSP,TOT,5,0.191023616
57,J,3,high,LMWB,LM,5,0.25644974
57,J,3,high,LMWB,WB,5,0.252288376
57,J,3,high,LMWB,TOT,5,0.254211453
58,J,4,low,WB,WB,5,0.044546337
58,J,4,low,WB,TOT,5,0.044546337
59,J,5,low,LMSP,LM,5,0.078405302
59,J,5,low,LMSP,SP,5,0.019412635
59,J,5,low,LMSP,TOT,5,0.052703588
60,J,6,low,LMWB,LM,5,0.082033783
60,J,6,low,LMWB,WB,5,-0.019230908
60,J,6,low,LMWB,TOT,5,0.039257813
61,K,1,low,SPWB,SP,5,0.05554215
61,K,1,low,SPWB,WB,5,-0.010702613
61,K,1,low,SPWB,TOT,5,0.027327155
62,K,2,low,LMSPWB,LM,5,0.069271624
62,K,2,low,LMSPWB,SP,5,0.01784486
62,K,2,low,LMSPWB,WB,5,-0.039571941
62,K,2,low,LMSPWB,TOT,5,0.018497336
63,K,3,low,Blank,Blank,5,
63,K,3,low,Blank,TOT,5,
64,K,4,high,SPWB,SP,5,0.209327268
64,K,4,high,SPWB,WB,5,0.213301556
64,K,4,high,SPWB,TOT,5,0.211790979
65,K,5,high,LMSPWB,LM,5,0.21166291
65,K,5,high,LMSPWB,SP,5,0.228681463
65,K,5,high,LMSPWB,WB,5,0.177526725
65,K,5,high,LMSPWB,TOT,5,0.20993101
66,K,6,high,Blank,Blank,5,
66,K,6,high,Blank,TOT,5,
67,L,1,high,LM,LM,5,0.227068866
67,L,1,high,LM,TOT,5,0.227068866
68,L,2,high,SP,SP,5,0.253063367
68,L,2,high,SP,TOT,5,0.253063367
69,L,3,high,WB,WB,5,0.209077929
69,L,3,high,WB,TOT,5,0.209077929
70,L,4,low,LM,LM,5,0.063966729
70,L,4,low,LM,TOT,5,0.063966729
71,L,5,low,SP,SP,5,0.060546816
71,L,5,low,SP,TOT,5,0.060546816
72,L,6,low,WB,WB,5,-0.096674952
72,L,6,low,WB,TOT,5,-0.096674952
73,M,1,low,LMSP,LM,5,-0.016070333
73,M,1,low,LMSP,SP,5,0.090683719
73,M,1,low,LMSP,TOT,5,0.037039869
74,M,2,low,LMWB,LM,5,0.062823033
74,M,2,low,LMWB,WB,5,-0.165255009
74,M,2,low,LMWB,TOT,5,-0.068969231
75,M,3,low,SPWB,SP,5,0.032956585
75,M,3,low,SPWB,WB,5,-0.173556185
75,M,3,low,SPWB,TOT,5,-0.061504413
76,M,4,high,LMSP,LM,5,0.196270381
76,M,4,high,LMSP,SP,5,0.220893534
76,M,4,high,LMSP,TOT,5,0.213434453
77,M,5,high,LMWB,LM,5,0.189106386
77,M,5,high,LMWB,WB,5,0.077284696
77,M,5,high,LMWB,TOT,5,0.128225644
78,M,6,high,SPWB,SP,5,0.167829486
78,M,6,high,SPWB,WB,5,0.100098736
78,M,6,high,SPWB,TOT,5,0.129036604
79,N,1,high,LMSPWB,LM,5,0.205843489
79,N,1,high,LMSPWB,SP,5,0.237478577
79,N,1,high,LMSPWB,WB,5,0.146411875
79,N,1,high,LMSPWB,TOT,5,0.201663226
80,N,2,high,Blank,Blank,5,
80,N,2,high,Blank,TOT,5,
81,N,3,high,LM,LM,5,0.268579157
81,N,3,high,LM,TOT,5,0.268579157
82,N,4,low,LMSPWB,LM,5,0.138098509
82,N,4,low,LMSPWB,SP,5,0.044437492
82,N,4,low,LMSPWB,WB,5,0.040326551
82,N,4,low,LMSPWB,TOT,5,0.071423698
83,N,5,low,Blank,Blank,5,
83,N,5,low,Blank,TOT,5,
84,N,6,low,LM,LM,5,0.024923702
84,N,6,low,LM,TOT,5,0.024923702
85,O,1,low,SP,SP,5,0.062512218
85,O,1,low,SP,TOT,5,0.062512218
86,O,2,low,WB,WB,5,-0.100931067
86,O,2,low,WB,TOT,5,-0.100931067
87,O,3,low,LMSP,LM,5,0.048565249
87,O,3,low,LMSP,SP,5,0.012487828
87,O,3,low,LMSP,TOT,5,0.029379023
88,O,4,high,SP,SP,5,0.140772683
88,O,4,high,SP,TOT,5,0.140772683
89,O,5,high,WB,WB,5,0.202164075
89,O,5,high,WB,TOT,5,0.202164075
90,O,6,high,LMSP,LM,5,0.223450751
90,O,6,high,LMSP,SP,5,0.207710369
90,O,6,high,LMSP,TOT,5,0.215342272
91,P,1,high,LMWB,LM,5,0.238672697
91,P,1,high,LMWB,WB,5,0.250373913
91,P,1,high,LMWB,TOT,5,0.244343158
92,P,2,high,SPWB,SP,5,0.241295024
92,P,2,high,SPWB,WB,5,0.271884528
92,P,2,high,SPWB,TOT,5,0.256878749
93,P,3,high,LMSPWB,LM,5,0.209589536
93,P,3,high,LMSPWB,SP,5,0.178646731
93,P,3,high,LMSPWB,WB,5,0.105730987
93,P,3,high,LMSPWB,TOT,5,0.165938235
94,P,4,low,LMWB,LM,5,0.06802434
94,P,4,low,LMWB,WB,5,-0.01824706
94,P,4,low,LMWB,TOT,5,0.030353607
95,P,5,low,SPWB,SP,5,0.088112783
95,P,5,low,SPWB,WB,5,-0.052002353
95,P,5,low,SPWB,TOT,5,0.044633983
96,P,6,low,LMSPWB,LM,5,0.023163904
96,P,6,low,LMSPWB,SP,5,0.02957942
96,P,6,low,LMSPWB,WB,5,-0.037753973
96,P,6,low,LMSPWB,TOT,5,0.002534664
1,A,1,low,Blank,Blank,7,
1,A,1,low,Blank,TOT,7,
2,A,2,low,LM,LM,7,0.048384713
2,A,2,low,LM,TOT,7,0.048384713
3,A,3,low,SP,SP,7,0.063660102
3,A,3,low,SP,TOT,7,0.063660102
4,A,4,high,Blank,Blank,7,
4,A,4,high,Blank,TOT,7,
5,A,5,high,LM,LM,7,0.224489008
5,A,5,high,LM,TOT,7,0.224489008
6,A,6,high,SP,SP,7,0.193397289
6,A,6,high,SP,TOT,7,0.193397289
7,B,1,high,WB,WB,7,0.136236695
7,B,1,high,WB,TOT,7,0.136236695
8,B,2,high,LMSP,LM,7,0.168762395
8,B,2,high,LMSP,SP,7,0.136206813
8,B,2,high,LMSP,TOT,7,0.149809316
9,B,3,high,LMWB,LM,7,0.142291154
9,B,3,high,LMWB,WB,7,-0.018088312
9,B,3,high,LMWB,TOT,7,0.071946658
10,B,4,low,WB,WB,7,-0.023140582
10,B,4,low,WB,TOT,7,-0.023140582
11,B,5,low,LMSP,LM,7,0.008507336
11,B,5,low,LMSP,SP,7,0.01290478
11,B,5,low,LMSP,TOT,7,0.010843823
12,B,6,low,LMWB,LM,7,0.046618528
12,B,6,low,LMWB,WB,7,-0.088743878
12,B,6,low,LMWB,TOT,7,-0.022499077
13,C,1,low,SPWB,SP,7,-0.013776532
13,C,1,low,SPWB,WB,7,-0.086011027
13,C,1,low,SPWB,TOT,7,-0.037492631
14,C,2,low,LMSPWB,LM,7,0.022641142
14,C,2,low,LMSPWB,SP,7,-0.029653026
14,C,2,low,LMSPWB,WB,7,-0.072062166
14,C,2,low,LMSPWB,TOT,7,-0.022382106
15,C,3,low,Blank,Blank,7,
15,C,3,low,Blank,TOT,7,
16,C,4,high,SPWB,SP,7,0.143438562
16,C,4,high,SPWB,WB,7,-0.02740591
16,C,4,high,SPWB,TOT,7,0.071335051
17,C,5,high,LMSPWB,LM,7,0.133527159
17,C,5,high,LMSPWB,SP,7,0.1683144
17,C,5,high,LMSPWB,WB,7,-0.030980034
17,C,5,high,LMSPWB,TOT,7,0.090793143
18,C,6,high,Blank,Blank,7,
18,C,6,high,Blank,TOT,7,
19,D,1,high,LM,LM,7,0.21789237
19,D,1,high,LM,TOT,7,0.21789237
20,D,2,high,SP,SP,7,0.28018456
20,D,2,high,SP,TOT,7,0.28018456
21,D,3,high,WB,WB,7,0.067659564
21,D,3,high,WB,TOT,7,0.067659564
22,D,4,low,LM,LM,7,0.022542711
22,D,4,low,LM,TOT,7,0.022542711
23,D,5,low,SP,SP,7,0.036462373
23,D,5,low,SP,TOT,7,0.036462373
24,D,6,low,WB,WB,7,-0.076378029
24,D,6,low,WB,TOT,7,-0.076378029
25,E,1,low,LMSP,LM,7,0.06984648
25,E,1,low,LMSP,SP,7,0.025100759
25,E,1,low,LMSP,TOT,7,0.040902324
26,E,2,low,LMWB,LM,7,0.073622824
26,E,2,low,LMWB,WB,7,0.067937721
26,E,2,low,LMWB,TOT,7,0.071166596
27,E,3,low,SPWB,SP,7,0.067331818
27,E,3,low,SPWB,WB,7,0.043854605
27,E,3,low,SPWB,TOT,7,0.055269022
28,E,4,high,LMSP,LM,7,0.191402406
28,E,4,high,LMSP,SP,7,0.16317515
28,E,4,high,LMSP,TOT,7,0.178992097
29,E,5,high,LMWB,LM,7,0.225172243
29,E,5,high,LMWB,WB,7,0.132870007
29,E,5,high,LMWB,TOT,7,0.186432357
30,E,6,high,SPWB,SP,7,0.173229637
30,E,6,high,SPWB,WB,7,0.160218011
30,E,6,high,SPWB,TOT,7,0.165535899
31,F,1,high,LMSPWB,LM,7,0.14882901
31,F,1,high,LMSPWB,SP,7,0.128981178
31,F,1,high,LMSPWB,WB,7,0.054854834
31,F,1,high,LMSPWB,TOT,7,0.119302315
32,F,2,high,Blank,Blank,7,
32,F,2,high,Blank,TOT,7,
33,F,3,high,LM,LM,7,0.180249967
33,F,3,high,LM,TOT,7,0.180249967
34,F,4,low,LMSPWB,LM,7,0.055791949
34,F,4,low,LMSPWB,SP,7,0.043057175
34,F,4,low,LMSPWB,WB,7,-0.004408631
34,F,4,low,LMSPWB,TOT,7,0.03170858
35,F,5,low,Blank,Blank,7,
35,F,5,low,Blank,TOT,7,
36,F,6,low,LM,LM,7,0.058948376
36,F,6,low,LM,TOT,7,0.058948376
37,G,1,low,SP,SP,7,0.0142224
37,G,1,low,SP,TOT,7,0.0142224
38,G,2,low,WB,WB,7,0.030868019
38,G,2,low,WB,TOT,7,0.030868019
39,G,3,low,LMSP,LM,7,-0.048338482
39,G,3,low,LMSP,SP,7,0.052723562
39,G,3,low,LMSP,TOT,7,0.006670895
40,G,4,high,SP,SP,7,0.160117674
40,G,4,high,SP,TOT,7,0.160117674
41,G,5,high,WB,WB,7,0.177651314
41,G,5,high,WB,TOT,7,0.177651314
42,G,6,high,LMSP,LM,7,0.134665627
42,G,6,high,LMSP,SP,7,0.15401452
42,G,6,high,LMSP,TOT,7,0.146005859
43,H,1,high,LMWB,LM,7,0.214729682
43,H,1,high,LMWB,WB,7,0.11275826
43,H,1,high,LMWB,TOT,7,0.165475484
44,H,2,high,SPWB,SP,7,0.234183777
44,H,2,high,SPWB,WB,7,0.23156723
44,H,2,high,SPWB,TOT,7,0.232803409
45,H,3,high,LMSPWB,LM,7,0.202133841
45,H,3,high,LMSPWB,SP,7,0.165270685
45,H,3,high,LMSPWB,WB,7,0.240015026
45,H,3,high,LMSPWB,TOT,7,0.208937094
46,H,4,low,LMWB,LM,7,0.065446156
46,H,4,low,LMWB,WB,7,0.018778819
46,H,4,low,LMWB,TOT,7,0.044817326
47,H,5,low,SPWB,SP,7,0.056518208
47,H,5,low,SPWB,WB,7,0.02268188
47,H,5,low,SPWB,TOT,7,0.041131668
48,H,6,low,LMSPWB,LM,7,0.1220963
48,H,6,low,LMSPWB,SP,7,0.024258565
48,H,6,low,LMSPWB,WB,7,0.075181985
48,H,6,low,LMSPWB,TOT,7,0.066879653
49,I,1,low,Blank,Blank,7,
49,I,1,low,Blank,TOT,7,
50,I,2,low,LM,LM,7,0.014999859
50,I,2,low,LM,TOT,7,0.014999859
51,I,3,low,SP,SP,7,0.01094244
51,I,3,low,SP,TOT,7,0.01094244
52,I,4,high,Blank,Blank,7,
52,I,4,high,Blank,TOT,7,
53,I,5,high,LM,LM,7,0.241752694
53,I,5,high,LM,TOT,7,0.241752694
54,I,6,high,SP,SP,7,0.184580184
54,I,6,high,SP,TOT,7,0.184580184
55,J,1,high,WB,WB,7,0.086883037
55,J,1,high,WB,TOT,7,0.086883037
56,J,2,high,LMSP,LM,7,0.080672338
56,J,2,high,LMSP,SP,7,0.019160222
56,J,2,high,LMSP,TOT,7,0.046367512
57,J,3,high,LMWB,LM,7,0.170890274
57,J,3,high,LMWB,WB,7,0.026776454
57,J,3,high,LMWB,TOT,7,0.098707146
58,J,4,low,WB,WB,7,-0.085500003
58,J,4,low,WB,TOT,7,-0.085500003
59,J,5,low,LMSP,LM,7,0.043864866
59,J,5,low,LMSP,SP,7,0.025388347
59,J,5,low,LMSP,TOT,7,0.036165374
60,J,6,low,LMWB,LM,7,0.019784423
60,J,6,low,LMWB,WB,7,-0.097411509
60,J,6,low,LMWB,TOT,7,-0.023611605
61,K,1,low,SPWB,SP,7,0.162030872
61,K,1,low,SPWB,WB,7,-0.26511057
61,K,1,low,SPWB,TOT,7,-0.044991353
62,K,2,low,LMSPWB,LM,7,0.035022072
62,K,2,low,LMSPWB,SP,7,0.09919606
62,K,2,low,LMSPWB,WB,7,-0.094301775
62,K,2,low,LMSPWB,TOT,7,0.021672486
63,K,3,low,Blank,Blank,7,
63,K,3,low,Blank,TOT,7,
64,K,4,high,SPWB,SP,7,0.160532238
64,K,4,high,SPWB,WB,7,0.077814193
64,K,4,high,SPWB,TOT,7,0.110807373
65,K,5,high,LMSPWB,LM,7,0.145681916
65,K,5,high,LMSPWB,SP,7,0.133333427
65,K,5,high,LMSPWB,WB,7,0.000455155
65,K,5,high,LMSPWB,TOT,7,0.10597176
66,K,6,high,Blank,Blank,7,
66,K,6,high,Blank,TOT,7,
67,L,1,high,LM,LM,7,0.169874013
67,L,1,high,LM,TOT,7,0.169874013
68,L,2,high,SP,SP,7,0.135953271
68,L,2,high,SP,TOT,7,0.135953271
69,L,3,high,WB,WB,7,0.148275163
69,L,3,high,WB,TOT,7,0.148275163
70,L,4,low,LM,LM,7,0.048142334
70,L,4,low,LM,TOT,7,0.048142334
71,L,5,low,SP,SP,7,0.03566529
71,L,5,low,SP,TOT,7,0.03566529
72,L,6,low,WB,WB,7,-0.078178581
72,L,6,low,WB,TOT,7,-0.078178581
73,M,1,low,LMSP,LM,7,0.000882273
73,M,1,low,LMSP,SP,7,0.020322166
73,M,1,low,LMSP,TOT,7,0.011166231
74,M,2,low,LMWB,LM,7,0.042989833
74,M,2,low,LMWB,WB,7,-0.032308049
74,M,2,low,LMWB,TOT,7,0.005117386
75,M,3,low,SPWB,SP,7,0.019788673
75,M,3,low,SPWB,WB,7,-0.109771428
75,M,3,low,SPWB,TOT,7,-0.028919943
76,M,4,high,LMSP,LM,7,0.165292086
76,M,4,high,LMSP,SP,7,0.140624384
76,M,4,high,LMSP,TOT,7,0.148097193
77,M,5,high,LMWB,LM,7,0.160388781
77,M,5,high,LMWB,WB,7,0.13410646
77,M,5,high,LMWB,TOT,7,0.146982673
78,M,6,high,SPWB,SP,7,0.12096851
78,M,6,high,SPWB,WB,7,0.07142391
78,M,6,high,SPWB,TOT,7,0.094023262
79,N,1,high,LMSPWB,LM,7,0.144755494
79,N,1,high,LMSPWB,SP,7,0.134045798
79,N,1,high,LMSPWB,WB,7,0.063518326
79,N,1,high,LMSPWB,TOT,7,0.119999986
80,N,2,high,Blank,Blank,7,
80,N,2,high,Blank,TOT,7,
81,N,3,high,LM,LM,7,0.217532913
81,N,3,high,LM,TOT,7,0.217532913
82,N,4,low,LMSPWB,LM,7,0.123901136
82,N,4,low,LMSPWB,SP,7,-0.014186092
82,N,4,low,LMSPWB,WB,7,0.005237818
82,N,4,low,LMSPWB,TOT,7,0.039454665
83,N,5,low,Blank,Blank,7,
83,N,5,low,Blank,TOT,7,
84,N,6,low,LM,LM,7,0.117628934
84,N,6,low,LM,TOT,7,0.117628934
85,O,1,low,SP,SP,7,0.01942954
85,O,1,low,SP,TOT,7,0.01942954
86,O,2,low,WB,WB,7,0.086413218
86,O,2,low,WB,TOT,7,0.086413218
87,O,3,low,LMSP,LM,7,0.090053012
87,O,3,low,LMSP,SP,7,0.019745102
87,O,3,low,LMSP,TOT,7,0.054529603
88,O,4,high,SP,SP,7,0.22985603
88,O,4,high,SP,TOT,7,0.22985603
89,O,5,high,WB,WB,7,0.286463626
89,O,5,high,WB,TOT,7,0.286463626
90,O,6,high,LMSP,LM,7,0.18318827
90,O,6,high,LMSP,SP,7,0.160605994
90,O,6,high,LMSP,TOT,7,0.17177152
91,P,1,high,LMWB,LM,7,0.13154933
91,P,1,high,LMWB,WB,7,-0.003107013
91,P,1,high,LMWB,TOT,7,0.070407285
92,P,2,high,SPWB,SP,7,0.18267186
92,P,2,high,SPWB,WB,7,0.057518561
92,P,2,high,SPWB,TOT,7,0.121868631
93,P,3,high,LMSPWB,LM,7,0.131736705
93,P,3,high,LMSPWB,SP,7,0.152857566
93,P,3,high,LMSPWB,WB,7,-0.041012724
93,P,3,high,LMSPWB,TOT,7,0.091899566
94,P,4,low,LMWB,LM,7,0.053156613
94,P,4,low,LMWB,WB,7,-0.02941587
94,P,4,low,LMWB,TOT,7,0.020484722
95,P,5,low,SPWB,SP,7,0.040911687
95,P,5,low,SPWB,WB,7,-0.08093181
95,P,5,low,SPWB,TOT,7,0.009576026
96,P,6,low,LMSPWB,LM,7,0.031840028
96,P,6,low,LMSPWB,SP,7,-0.06982632
96,P,6,low,LMSPWB,WB,7,-0.102165998
96,P,6,low,LMSPWB,TOT,7,-0.043551238
1,A,1,low,Blank,Blank,9,
1,A,1,low,Blank,TOT,9,
2,A,2,low,LM,LM,9,0.075855362
2,A,2,low,LM,TOT,9,0.075855362
3,A,3,low,SP,SP,9,0.04985467
3,A,3,low,SP,TOT,9,0.04985467
4,A,4,high,Blank,Blank,9,
4,A,4,high,Blank,TOT,9,
5,A,5,high,LM,LM,9,0.133322487
5,A,5,high,LM,TOT,9,0.133322487
6,A,6,high,SP,SP,9,0.150841897
6,A,6,high,SP,TOT,9,0.150841897
7,B,1,high,WB,WB,9,0.076541138
7,B,1,high,WB,TOT,9,0.076541138
8,B,2,high,LMSP,LM,9,0.157744877
8,B,2,high,LMSP,SP,9,0.088148688
8,B,2,high,LMSP,TOT,9,0.118971176
9,B,3,high,LMWB,LM,9,0.106197798
9,B,3,high,LMWB,WB,9,-0.044594437
9,B,3,high,LMWB,TOT,9,0.051289083
10,B,4,low,WB,WB,9,-0.085968096
10,B,4,low,WB,TOT,9,-0.085968096
11,B,5,low,LMSP,LM,9,0.033628309
11,B,5,low,LMSP,SP,9,0.015365633
11,B,5,low,LMSP,TOT,9,0.023987923
12,B,6,low,LMWB,LM,9,-0.005425838
12,B,6,low,LMWB,WB,9,-0.057097325
12,B,6,low,LMWB,TOT,9,-0.029398389
13,C,1,low,SPWB,SP,9,-0.048325304
13,C,1,low,SPWB,WB,9,-0.129455548
13,C,1,low,SPWB,TOT,9,-0.072296183
14,C,2,low,LMSPWB,LM,9,0.004580051
14,C,2,low,LMSPWB,SP,9,-0.021747023
14,C,2,low,LMSPWB,WB,9,-0.157595324
14,C,2,low,LMSPWB,TOT,9,-0.039668567
15,C,3,low,Blank,Blank,9,
15,C,3,low,Blank,TOT,9,
16,C,4,high,SPWB,SP,9,0.059651974
16,C,4,high,SPWB,WB,9,-0.051463344
16,C,4,high,SPWB,TOT,9,0.020190425
17,C,5,high,LMSPWB,LM,9,0.135055868
17,C,5,high,LMSPWB,SP,9,0.087930889
17,C,5,high,LMSPWB,WB,9,-0.065772459
17,C,5,high,LMSPWB,TOT,9,0.07067723
18,C,6,high,Blank,Blank,9,
18,C,6,high,Blank,TOT,9,
19,D,1,high,LM,LM,9,0.124349858
19,D,1,high,LM,TOT,9,0.124349858
20,D,2,high,SP,SP,9,0.182664803
20,D,2,high,SP,TOT,9,0.182664803
21,D,3,high,WB,WB,9,-0.02199207
21,D,3,high,WB,TOT,9,-0.02199207
22,D,4,low,LM,LM,9,-0.034645974
22,D,4,low,LM,TOT,9,-0.034645974
23,D,5,low,SP,SP,9,0.013903065
23,D,5,low,SP,TOT,9,0.013903065
24,D,6,low,WB,WB,9,-0.130720598
24,D,6,low,WB,TOT,9,-0.130720598
25,E,1,low,LMSP,LM,9,-0.023434758
25,E,1,low,LMSP,SP,9,-0.122644422
25,E,1,low,LMSP,TOT,9,-0.084275937
26,E,2,low,LMWB,LM,9,0.025011112
26,E,2,low,LMWB,WB,9,-0.1199562
26,E,2,low,LMWB,TOT,9,-0.032351921
27,E,3,low,SPWB,SP,9,-0.019070293
27,E,3,low,SPWB,WB,9,-0.055073281
27,E,3,low,SPWB,TOT,9,-0.037033728
28,E,4,high,LMSP,LM,9,0.111275208
28,E,4,high,LMSP,SP,9,0.08175977
28,E,4,high,LMSP,TOT,9,0.098716796
29,E,5,high,LMWB,LM,9,0.115537139
29,E,5,high,LMWB,WB,9,-0.086759388
29,E,5,high,LMWB,TOT,9,0.044628692
30,E,6,high,SPWB,SP,9,0.144596993
30,E,6,high,SPWB,WB,9,-0.051862193
30,E,6,high,SPWB,TOT,9,0.038557296
31,F,1,high,LMSPWB,LM,9,0.085906806
31,F,1,high,LMSPWB,SP,9,0.081715843
31,F,1,high,LMSPWB,WB,9,-0.11882957
31,F,1,high,LMSPWB,TOT,9,0.046286803
32,F,2,high,Blank,Blank,9,
32,F,2,high,Blank,TOT,9,
33,F,3,high,LM,LM,9,0.149382242
33,F,3,high,LM,TOT,9,0.149382242
34,F,4,low,LMSPWB,LM,9,-0.005561138
34,F,4,low,LMSPWB,SP,9,-0.04239799
34,F,4,low,LMSPWB,WB,9,-0.191571734
34,F,4,low,LMSPWB,TOT,9,-0.071083602
35,F,5,low,Blank,Blank,9,
35,F,5,low,Blank,TOT,9,
36,F,6,low,LM,LM,9,-0.030958289
36,F,6,low,LM,TOT,9,-0.030958289
37,G,1,low,SP,SP,9,0.007487231
37,G,1,low,SP,TOT,9,0.007487231
38,G,2,low,WB,WB,9,-0.064549212
38,G,2,low,WB,TOT,9,-0.064549212
39,G,3,low,LMSP,LM,9,-0.103662709
39,G,3,low,LMSP,SP,9,-0.007042318
39,G,3,low,LMSP,TOT,9,-0.046392902
40,G,4,high,SP,SP,9,0.089682448
40,G,4,high,SP,TOT,9,0.089682448
41,G,5,high,WB,WB,9,0.048848568
41,G,5,high,WB,TOT,9,0.048848568
42,G,6,high,LMSP,LM,9,0.128651049
42,G,6,high,LMSP,SP,9,0.120535743
42,G,6,high,LMSP,TOT,9,0.123872622
43,H,1,high,LMWB,LM,9,0.108092131
43,H,1,high,LMWB,WB,9,-0.030465253
43,H,1,high,LMWB,TOT,9,0.049400381
44,H,2,high,SPWB,SP,9,0.159844975
44,H,2,high,SPWB,WB,9,0.068284383
44,H,2,high,SPWB,TOT,9,0.113695305
45,H,3,high,LMSPWB,LM,9,0.178623365
45,H,3,high,LMSPWB,SP,9,0.139956319
45,H,3,high,LMSPWB,WB,9,0.058591494
45,H,3,high,LMSPWB,TOT,9,0.12261477
46,H,4,low,LMWB,LM,9,0.059014822
46,H,4,low,LMWB,WB,9,-0.043234234
46,H,4,low,LMWB,TOT,9,0.017526136
47,H,5,low,SPWB,SP,9,-0.023022305
47,H,5,low,SPWB,WB,9,-0.140989683
47,H,5,low,SPWB,TOT,9,-0.072275016
48,H,6,low,LMSPWB,LM,9,0.061527427
48,H,6,low,LMSPWB,SP,9,-0.072271568
48,H,6,low,LMSPWB,WB,9,-0.181456782
48,H,6,low,LMSPWB,TOT,9,-0.072826892
49,I,1,low,Blank,Blank,9,
49,I,1,low,Blank,TOT,9,
50,I,2,low,LM,LM,9,0.035304487
50,I,2,low,LM,TOT,9,0.035304487
51,I,3,low,SP,SP,9,0.039109479
51,I,3,low,SP,TOT,9,0.039109479
52,I,4,high,Blank,Blank,9,
52,I,4,high,Blank,TOT,9,
53,I,5,high,LM,LM,9,0.201323673
53,I,5,high,LM,TOT,9,0.201323673
54,I,6,high,SP,SP,9,0.155046942
54,I,6,high,SP,TOT,9,0.155046942
55,J,1,high,WB,WB,9,0.097539123
55,J,1,high,WB,TOT,9,0.097539123
56,J,2,high,LMSP,LM,9,0.064942471
56,J,2,high,LMSP,SP,9,0.029362693
56,J,2,high,LMSP,TOT,9,0.045955641
57,J,3,high,LMWB,LM,9,0.142189553
57,J,3,high,LMWB,WB,9,0.036258691
57,J,3,high,LMWB,TOT,9,0.095714202
58,J,4,low,WB,WB,9,-0.033954057
58,J,4,low,WB,TOT,9,-0.033954057
59,J,5,low,LMSP,LM,9,-0.033622466
59,J,5,low,LMSP,SP,9,-0.023821792
59,J,5,low,LMSP,TOT,9,-0.02955902
60,J,6,low,LMWB,LM,9,0.047224594
60,J,6,low,LMWB,WB,9,-0.042188765
60,J,6,low,LMWB,TOT,9,0.018299156
61,K,1,low,SPWB,SP,9,0.021725495
61,K,1,low,SPWB,WB,9,-0.040881936
61,K,1,low,SPWB,TOT,9,-0.001153532
62,K,2,low,LMSPWB,LM,9,0.055602328
62,K,2,low,LMSPWB,SP,9,0.002186676
62,K,2,low,LMSPWB,WB,9,-0.045752338
62,K,2,low,LMSPWB,TOT,9,0.013634948
63,K,3,low,Blank,Blank,9,
63,K,3,low,Blank,TOT,9,
64,K,4,high,SPWB,SP,9,0.107770805
64,K,4,high,SPWB,WB,9,0.039024626
64,K,4,high,SPWB,TOT,9,0.068973327
65,K,5,high,LMSPWB,LM,9,0.106476123
65,K,5,high,LMSPWB,SP,9,0.101120201
65,K,5,high,LMSPWB,WB,9,-0.002182005
65,K,5,high,LMSPWB,TOT,9,0.082877112
66,K,6,high,Blank,Blank,9,
66,K,6,high,Blank,TOT,9,
67,L,1,high,LM,LM,9,0.14898748
67,L,1,high,LM,TOT,9,0.14898748
68,L,2,high,SP,SP,9,0.146256735
68,L,2,high,SP,TOT,9,0.146256735
69,L,3,high,WB,WB,9,0.110720528
69,L,3,high,WB,TOT,9,0.110720528
70,L,4,low,LM,LM,9,0.01638164
70,L,4,low,LM,TOT,9,0.01638164
71,L,5,low,SP,SP,9,-0.008781805
71,L,5,low,SP,TOT,9,-0.008781805
72,L,6,low,WB,WB,9,-0.028280074
72,L,6,low,WB,TOT,9,-0.028280074
73,M,1,low,LMSP,LM,9,0.014519243
73,M,1,low,LMSP,SP,9,0.017242938
73,M,1,low,LMSP,TOT,9,0.015975146
74,M,2,low,LMWB,LM,9,0.004825354
74,M,2,low,LMWB,WB,9,-0.077368263
74,M,2,low,LMWB,TOT,9,-0.033286295
75,M,3,low,SPWB,SP,9,-0.0301331
75,M,3,low,SPWB,WB,9,-0.055984331
75,M,3,low,SPWB,TOT,9,-0.038925226
76,M,4,high,LMSP,LM,9,0.129818581
76,M,4,high,LMSP,SP,9,0.126231114
76,M,4,high,LMSP,TOT,9,0.127339391
77,M,5,high,LMWB,LM,9,0.167896157
77,M,5,high,LMWB,WB,9,0.000705436
77,M,5,high,LMWB,TOT,9,0.090674543
78,M,6,high,SPWB,SP,9,0.168878993
78,M,6,high,SPWB,WB,9,0.011196103
78,M,6,high,SPWB,TOT,9,0.091268997
79,N,1,high,LMSPWB,LM,9,0.098297014
79,N,1,high,LMSPWB,SP,9,0.0843483
79,N,1,high,LMSPWB,WB,9,-0.070561911
79,N,1,high,LMSPWB,TOT,9,0.057015291
80,N,2,high,Blank,Blank,9,
80,N,2,high,Blank,TOT,9,
81,N,3,high,LM,LM,9,0.155467434
81,N,3,high,LM,TOT,9,0.155467434
82,N,4,low,LMSPWB,LM,9,-0.093876253
82,N,4,low,LMSPWB,SP,9,-0.001721875
82,N,4,low,LMSPWB,WB,9,-0.159384416
82,N,4,low,LMSPWB,TOT,9,-0.074116625
83,N,5,low,Blank,Blank,9,
83,N,5,low,Blank,TOT,9,
84,N,6,low,LM,LM,9,0.013131538
84,N,6,low,LM,TOT,9,0.013131538
85,O,1,low,SP,SP,9,0.061672347
85,O,1,low,SP,TOT,9,0.061672347
86,O,2,low,WB,WB,9,-0.117202845
86,O,2,low,WB,TOT,9,-0.117202845
87,O,3,low,LMSP,LM,9,0.103865392
87,O,3,low,LMSP,SP,9,-0.02233554
87,O,3,low,LMSP,TOT,9,0.046279943
88,O,4,high,SP,SP,9,0.210210528
88,O,4,high,SP,TOT,9,0.210210528
89,O,5,high,WB,WB,9,0.033938084
89,O,5,high,WB,TOT,9,0.033938084
90,O,6,high,LMSP,LM,9,0.139062483
90,O,6,high,LMSP,SP,9,0.065659956
90,O,6,high,LMSP,TOT,9,0.103713052
91,P,1,high,LMWB,LM,9,0.121435911
91,P,1,high,LMWB,WB,9,0.026411578
91,P,1,high,LMWB,TOT,9,0.083619093
92,P,2,high,SPWB,SP,9,0.141143653
92,P,2,high,SPWB,WB,9,0.057733448
92,P,2,high,SPWB,TOT,9,0.104936047
93,P,3,high,LMSPWB,LM,9,0.134570969
93,P,3,high,LMSPWB,SP,9,0.084938063
93,P,3,high,LMSPWB,WB,9,0.026052491
93,P,3,high,LMSPWB,TOT,9,0.093097321
94,P,4,low,LMWB,LM,9,0.012478976
94,P,4,low,LMWB,WB,9,-0.021767896
94,P,4,low,LMWB,TOT,9,-0.000126134
95,P,5,low,SPWB,SP,9,0.012145592
95,P,5,low,SPWB,WB,9,-0.162881356
95,P,5,low,SPWB,TOT,9,-0.023723289
96,P,6,low,LMSPWB,LM,9,0.036878938
96,P,6,low,LMSPWB,SP,9,0.041458441
96,P,6,low,LMSPWB,WB,9,-0.005553308
96,P,6,low,LMSPWB,TOT,9,0.025228937
